email,date,id,source,target,size
andy.zipper,2000-05,16,,29,1
andy.zipper,2000-06,29,16,38,1
andy.zipper,2000-07,38,29,48,4
andy.zipper,2000-08,48,38,57,3
andy.zipper,2000-09,54,,62,3
andy.zipper,2000-09,57,48,67,1
andy.zipper,2000-10,62,54,72,2
andy.zipper,2000-10,67,57,77,2
andy.zipper,2000-11,72,62,88,3
andy.zipper,2000-11,77,67,89,2
andy.zipper,2000-11,76,,,1
andy.zipper,2000-12,88,72,,4
andy.zipper,2000-12,89,77,100,2
andy.zipper,2001-01,100,89,109,3
andy.zipper,2001-01,95,,,1
andy.zipper,2001-02,109,100,119,2
andy.zipper,2001-02,105,,115,3
andy.zipper,2001-03,119,109,129,1
andy.zipper,2001-03,115,105,126,2
andy.zipper,2001-04,129,119,134,2
andy.zipper,2001-04,126,115,133,3
andy.zipper,2001-05,134,129,,3
andy.zipper,2001-05,132,,,1
andy.zipper,2001-05,133,126,143,4
andy.zipper,2001-05,139,,,1
andy.zipper,2001-05,138,,143,4
andy.zipper,2001-06,146,,,1
andy.zipper,2001-06,143,133|138,152,2
andy.zipper,2001-06,148,,,3
andy.zipper,2001-07,153,,161,1
andy.zipper,2001-07,152,143,166,1
andy.zipper,2001-08,161,153,,3
andy.zipper,2001-08,166,152,171,1
andy.zipper,2001-09,171,166,182,2
andy.zipper,2001-09,176,,181,2
andy.zipper,2001-10,184,,,1
andy.zipper,2001-10,181,176,191,3
andy.zipper,2001-10,182,171,192,2
andy.zipper,2001-11,192,182,198,4
andy.zipper,2001-11,191,181,201,6
andy.zipper,2001-12,201,191,,1
andy.zipper,2001-12,198,192,208,3
andy.zipper,2002-01,208,198,,3
andy.zipper,2002-02,215,,,1
andy.zipper,2002-02,214,,,1
barry.tycholiz,2000-05,17,,28,1
barry.tycholiz,2000-06,28,17,,1
barry.tycholiz,2000-08,44,,54,1
barry.tycholiz,2000-08,43,,,1
barry.tycholiz,2000-09,54,44,62,1
barry.tycholiz,2000-10,62,54,72,1
barry.tycholiz,2000-11,72,62,88,2
barry.tycholiz,2000-11,71,,89,1
barry.tycholiz,2000-11,77,,89,1
barry.tycholiz,2000-11,76,,,1
barry.tycholiz,2000-12,88,72,94,1
barry.tycholiz,2000-12,89,71|77,100,2
barry.tycholiz,2001-01,95,,,2
barry.tycholiz,2001-01,94,88,,1
barry.tycholiz,2001-01,100,89,109,2
barry.tycholiz,2001-02,109,100,119,2
barry.tycholiz,2001-03,120,,126,1
barry.tycholiz,2001-03,116,,125,1
barry.tycholiz,2001-03,119,109,129,4
barry.tycholiz,2001-04,125,116,137|132,1
barry.tycholiz,2001-04,129,119,134,4
barry.tycholiz,2001-04,126,120,133,2
barry.tycholiz,2001-05,134,129,149,4
barry.tycholiz,2001-05,132,125,,2
barry.tycholiz,2001-05,133,126,143,2
barry.tycholiz,2001-05,138,,143,1
barry.tycholiz,2001-05,137,125,,1
barry.tycholiz,2001-06,143,133|138,152,1
barry.tycholiz,2001-06,149,134,,1
barry.tycholiz,2001-07,157,,165,2
barry.tycholiz,2001-07,152,143,166,2
barry.tycholiz,2001-07,153,,167|161,1
barry.tycholiz,2001-08,165,157,175,2
barry.tycholiz,2001-08,167,153,169,3
barry.tycholiz,2001-08,161,153,,1
barry.tycholiz,2001-08,162,,,1
barry.tycholiz,2001-08,166,152,171,4
barry.tycholiz,2001-09,175,165,180,2
barry.tycholiz,2001-09,171,166,182,4
barry.tycholiz,2001-09,169,167,180,1
barry.tycholiz,2001-10,181,,191,1
barry.tycholiz,2001-10,182,171,192,4
barry.tycholiz,2001-10,180,169|175,190,7
barry.tycholiz,2001-11,190,180,200,7
barry.tycholiz,2001-11,192,182,198,2
barry.tycholiz,2001-11,194,,,1
barry.tycholiz,2001-11,191,181,,1
barry.tycholiz,2001-12,200,190,206,2
barry.tycholiz,2001-12,198,192,208,1
barry.tycholiz,2001-12,202,,,3
barry.tycholiz,2002-01,206,200,214,1
barry.tycholiz,2002-01,208,198,,3
barry.tycholiz,2002-02,214,206,,1
barry.tycholiz,2002-02,216,,,2
brenda.whitehead,2000-03,5,,9,1
brenda.whitehead,2000-04,9,5,,1
brenda.whitehead,2000-05,16,,,1
brenda.whitehead,2000-06,33,,,1
brenda.whitehead,2000-07,38,,48,2
brenda.whitehead,2000-08,48,38,57,4
brenda.whitehead,2000-09,54,,,2
brenda.whitehead,2000-09,55,,68,3
brenda.whitehead,2000-09,57,48,,12
brenda.whitehead,2000-09,50,,,1
brenda.whitehead,2000-10,68,55,77,1
brenda.whitehead,2000-11,77,68,89,2
brenda.whitehead,2000-12,89,77,99,1
brenda.whitehead,2001-01,99,89,109,1
brenda.whitehead,2001-02,109,99,119,2
brenda.whitehead,2001-03,120,,126,1
brenda.whitehead,2001-03,119,109,129,12
brenda.whitehead,2001-04,129,119,,3
brenda.whitehead,2001-04,126,120,,1
cara.semperger,2000-11,70,,85,3
cara.semperger,2000-12,85,70,92,5
cara.semperger,2001-01,92,85,103,4
cara.semperger,2001-02,103,92,113,4
cara.semperger,2001-03,113,103,123,6
cara.semperger,2001-04,123,113,140,5
cara.semperger,2001-05,140,123,145,6
cara.semperger,2001-06,145,140,151,6
cara.semperger,2001-07,151,145,164,5
cara.semperger,2001-08,164,151,177,5
cara.semperger,2001-09,177,164,186,3
cara.semperger,2001-10,186,177,196,5
cara.semperger,2001-11,196,186,199,4
cara.semperger,2001-12,199,196,207,3
cara.semperger,2002-01,207,199,,2
cara.semperger,2002-02,216,,,1
chris.germany,2000-03,1,,8,7
chris.germany,2000-04,8,1,15,7
chris.germany,2000-05,15,8,26,2
chris.germany,2000-06,32,,36,1
chris.germany,2000-06,26,15,36,6
chris.germany,2000-07,36,26|32,43,7
chris.germany,2000-08,47,,,1
chris.germany,2000-08,43,36,,7
chris.germany,2000-09,50,,61,4
chris.germany,2000-10,61,50,71,5
chris.germany,2000-11,73,,83,1
chris.germany,2000-11,71,61,81,5
chris.germany,2000-11,76,,,1
chris.germany,2000-12,83,73,,1
chris.germany,2000-12,81,71,93,5
chris.germany,2001-01,93,81,104,4
chris.germany,2001-02,104,93,116|114,5
chris.germany,2001-03,116,104,,1
chris.germany,2001-03,114,104,124,4
chris.germany,2001-04,124,114,132,4
chris.germany,2001-05,132,124,,5
chris.germany,2001-06,142,,,3
chris.germany,2001-08,161,,,1
chris.germany,2001-09,170,,181,2
chris.germany,2001-10,181,170,191,4
chris.germany,2001-11,190,,,1
chris.germany,2001-11,191,181,,4
chris.germany,2001-12,204,,208,1
chris.germany,2002-01,211,,218|220,1
chris.germany,2002-01,208,204,,3
chris.germany,2002-02,218,211,,3
chris.germany,2002-02,220,211,,1
dan.hyvl,2000-03,0,,,1
dan.hyvl,2000-04,8,,16,2
dan.hyvl,2000-05,16,8,29,1
dan.hyvl,2000-06,29,16,42,2
dan.hyvl,2000-07,42,29,48,3
dan.hyvl,2000-08,48,42,57,4
dan.hyvl,2000-09,57,48,67,4
dan.hyvl,2000-10,68,,77|72,1
dan.hyvl,2000-10,67,57,77,5
dan.hyvl,2000-11,72,68,,1
dan.hyvl,2000-11,71,,89,1
dan.hyvl,2000-11,77,67|68,89,6
dan.hyvl,2000-12,83,,95,1
dan.hyvl,2000-12,89,71|77,99|100,8
dan.hyvl,2001-01,99,89,109,1
dan.hyvl,2001-01,95,83,,1
dan.hyvl,2001-01,100,89,109,4
dan.hyvl,2001-02,110,,,1
dan.hyvl,2001-02,109,99|100,119,5
dan.hyvl,2001-03,119,109,129,6
dan.hyvl,2001-04,124,,,1
dan.hyvl,2001-04,129,119,134,7
dan.hyvl,2001-05,134,129,149,4
dan.hyvl,2001-06,149,134,,6
dan.hyvl,2001-10,185,,,1
dana.davis,2000-03,0,,,1
dana.davis,2000-07,37,,,2
dana.davis,2000-08,49,,57,1
dana.davis,2000-09,57,49,67,1
dana.davis,2000-10,62,,,1
dana.davis,2000-10,67,57,,1
dana.davis,2000-11,76,,,2
dana.davis,2001-01,97,,111,1
dana.davis,2001-02,111,97,122,1
dana.davis,2001-03,122,111,126,1
dana.davis,2001-04,126,122,,1
dana.davis,2001-05,132,,,1
dana.davis,2001-05,138,,,1
dana.davis,2001-06,141,,155,2
dana.davis,2001-07,152,,,2
dana.davis,2001-07,155,141,162,1
dana.davis,2001-08,161,,,1
dana.davis,2001-08,162,155,,3
dana.davis,2001-09,171,,,2
dana.davis,2001-10,184,,194,6
dana.davis,2001-11,192,,198,1
dana.davis,2001-11,194,184,,5
dana.davis,2001-12,198,192,,3
dana.davis,2002-01,210,,216,1
dana.davis,2002-02,214,,,1
dana.davis,2002-02,216,210,,3
danny.mccarty,2000-08,45,,52,1
danny.mccarty,2000-09,52,45,64,1
danny.mccarty,2000-10,64,52,74,1
danny.mccarty,2000-11,74,64,84,3
danny.mccarty,2000-12,84,74,96,4
danny.mccarty,2001-01,96,84,107,1
danny.mccarty,2001-02,107,96,117,2
danny.mccarty,2001-02,105,,120,1
danny.mccarty,2001-03,120,105,126,1
danny.mccarty,2001-03,117,107,127,1
danny.mccarty,2001-04,127,117,136,1
danny.mccarty,2001-04,126,120,133,4
danny.mccarty,2001-05,136,127,144,1
danny.mccarty,2001-05,133,126,,1
danny.mccarty,2001-06,144,136,154,1
danny.mccarty,2001-07,154,144,163,2
danny.mccarty,2001-08,163,154,172,5
danny.mccarty,2001-08,161,,,1
danny.mccarty,2001-08,166,,171,1
danny.mccarty,2001-09,171,166,182,2
danny.mccarty,2001-09,172,163,183,5
danny.mccarty,2001-10,183,172,193,5
danny.mccarty,2001-10,182,171,192,3
danny.mccarty,2001-11,192,182,,1
danny.mccarty,2001-11,193,183,203,6
danny.mccarty,2001-12,203,193,209,8
danny.mccarty,2001-12,205,,,1
danny.mccarty,2002-01,209,203,,2
darrell.schoolcraft,2000-04,10,,,1
darrell.schoolcraft,2000-08,45,,,2
darrell.schoolcraft,2000-10,64,,,2
darrell.schoolcraft,2001-02,107,,117,3
darrell.schoolcraft,2001-03,117,107,127,6
darrell.schoolcraft,2001-04,127,117,136,1
darrell.schoolcraft,2001-05,136,127,144,2
darrell.schoolcraft,2001-06,144,136,154,4
darrell.schoolcraft,2001-07,154,144,163,3
darrell.schoolcraft,2001-08,163,154,172,5
darrell.schoolcraft,2001-09,172,163,183,6
darrell.schoolcraft,2001-10,183,172,193,4
darrell.schoolcraft,2001-11,193,183,203,3
darrell.schoolcraft,2001-12,203,193,209,4
darrell.schoolcraft,2002-01,209,203,217,7
darrell.schoolcraft,2002-02,217,209,,4
darron.giron,2000-05,23,,31,1
darron.giron,2000-06,32,,40,1
darron.giron,2000-06,31,23,40,2
darron.giron,2000-07,40,31|32,,1
darron.giron,2000-08,47,,,3
darron.giron,2000-08,45,,,1
darron.giron,2000-09,51,,63,3
darron.giron,2000-10,64,,74,1
darron.giron,2000-10,63,51,73,3
darron.giron,2000-11,74,64,,1
darron.giron,2000-11,73,63,,3
darron.giron,2000-12,90,,95,4
darron.giron,2001-01,100,,,1
darron.giron,2001-01,94,,105,1
darron.giron,2001-01,101,,104,1
darron.giron,2001-01,95,90,106,5
darron.giron,2001-02,104,101,116,3
darron.giron,2001-02,106,95,116,1
darron.giron,2001-02,105,94,,1
darron.giron,2001-03,116,104|106,125,4
darron.giron,2001-03,119,,129,1
darron.giron,2001-04,125,116,137,2
darron.giron,2001-04,129,119,134,1
darron.giron,2001-05,134,129,,1
darron.giron,2001-05,137,125,,1
david.delainey,2000-03,5,,9,1
david.delainey,2000-03,6,,9,4
david.delainey,2000-04,9,5|6,20,3
david.delainey,2000-05,21,,27,1
david.delainey,2000-05,20,9,27,6
david.delainey,2000-05,17,,27,2
david.delainey,2000-05,18,,33,2
david.delainey,2000-06,32,,,1
david.delainey,2000-06,26,,,1
david.delainey,2000-06,29,,38|42,1
david.delainey,2000-06,33,18,39,7
david.delainey,2000-06,27,17|20|21,38|37,3
david.delainey,2000-07,38,27|29,48,1
david.delainey,2000-07,37,27,44,7
david.delainey,2000-07,39,33,44,2
david.delainey,2000-07,42,29,48,1
david.delainey,2000-08,44,37|39,54,9
david.delainey,2000-08,43,,,2
david.delainey,2000-08,48,38|42,57,1
david.delainey,2000-08,47,,,2
david.delainey,2000-09,57,48,,1
david.delainey,2000-09,54,44,62,6
david.delainey,2000-09,50,,62|61,1
david.delainey,2000-10,68,,72,4
david.delainey,2000-10,62,50|54,72,17
david.delainey,2000-10,61,50,,1
david.delainey,2000-11,72,62|68,88,11
david.delainey,2000-11,76,,,2
david.delainey,2000-12,88,72,94,13
david.delainey,2000-12,82,,94|99,3
david.delainey,2000-12,89,,99|100,1
david.delainey,2001-01,99,82|89,105,1
david.delainey,2001-01,94,82|88,105,10
david.delainey,2001-01,101,,,1
david.delainey,2001-01,100,89,,1
david.delainey,2001-02,105,94|99,120|115,13
david.delainey,2001-03,120,105,126,6
david.delainey,2001-03,115,105,126,2
david.delainey,2001-04,126,115|120,133,12
david.delainey,2001-05,132,,,1
david.delainey,2001-05,133,126,143,10
david.delainey,2001-06,146,,,1
david.delainey,2001-06,143,133,152,6
david.delainey,2001-07,152,143,166,4
david.delainey,2001-08,161,,,1
david.delainey,2001-08,166,152,171,5
david.delainey,2001-09,171,166,182,4
david.delainey,2001-10,184,,,1
david.delainey,2001-10,182,171,,7
david.delainey,2001-10,180,,,1
debra.perlingiere,2000-04,8,,16,3
debra.perlingiere,2000-04,7,,16,1
debra.perlingiere,2000-05,16,7|8,29,6
debra.perlingiere,2000-06,32,,,1
debra.perlingiere,2000-06,29,16,42,3
debra.perlingiere,2000-07,42,29,48,6
debra.perlingiere,2000-08,43,,,2
debra.perlingiere,2000-08,48,42,57,5
debra.perlingiere,2000-09,55,,67,1
debra.perlingiere,2000-09,57,48,67,5
debra.perlingiere,2000-10,67,55|57,77,5
debra.perlingiere,2000-11,77,67,89,5
debra.perlingiere,2000-12,89,77,99|100,4
debra.perlingiere,2001-01,99,89,109,2
debra.perlingiere,2001-01,100,89,109,2
debra.perlingiere,2001-02,109,99|100,119,6
debra.perlingiere,2001-03,119,109,129,8
debra.perlingiere,2001-04,129,119,134,7
debra.perlingiere,2001-05,134,129,149,9
debra.perlingiere,2001-06,149,134,,6
debra.perlingiere,2001-06,148,,157,1
debra.perlingiere,2001-07,157,148,165,3
debra.perlingiere,2001-08,165,157,175,5
debra.perlingiere,2001-09,175,165,180,2
debra.perlingiere,2001-10,185,,195,3
debra.perlingiere,2001-10,180,175,190,2
debra.perlingiere,2001-11,190,180,,2
debra.perlingiere,2001-11,195,185,,3
diana.scholtes,2000-11,70,,85,1
diana.scholtes,2000-12,85,70,92,1
diana.scholtes,2001-01,92,85,103,2
diana.scholtes,2001-02,103,92,113,2
diana.scholtes,2001-03,113,103,123,2
diana.scholtes,2001-04,123,113,140,3
diana.scholtes,2001-05,140,123,145,3
diana.scholtes,2001-05,132,,,1
diana.scholtes,2001-06,145,140,151,3
diana.scholtes,2001-06,141,,,2
diana.scholtes,2001-07,151,145,164,2
diana.scholtes,2001-08,161,,,1
diana.scholtes,2001-08,164,151,177,5
diana.scholtes,2001-09,177,164,186,4
diana.scholtes,2001-10,186,177,196,3
diana.scholtes,2001-10,184,,,1
diana.scholtes,2001-10,180,,,2
diana.scholtes,2001-11,196,186,199,5
diana.scholtes,2001-12,199,196,207,1
diana.scholtes,2001-12,202,,210,1
diana.scholtes,2002-01,207,199,214,1
diana.scholtes,2002-01,210,202,216,1
diana.scholtes,2002-02,214,207,,1
diana.scholtes,2002-02,216,210,,2
don.baughman,2000-08,46,,53,3
don.baughman,2000-09,53,46,,1
don.baughman,2000-11,75,,86,4
don.baughman,2000-12,86,75,98,4
don.baughman,2001-01,98,86,108,6
don.baughman,2001-02,108,98,118,3
don.baughman,2001-03,118,108,128,1
don.baughman,2001-04,128,118,135,5
don.baughman,2001-05,132,,,1
don.baughman,2001-05,135,128,141,4
don.baughman,2001-06,141,135,155,1
don.baughman,2001-07,155,141,162,8
don.baughman,2001-08,161,,,1
don.baughman,2001-08,162,155,173,5
don.baughman,2001-09,173,162,184,3
don.baughman,2001-10,184,173,194,3
don.baughman,2001-11,194,184,,4
don.baughman,2001-12,198,,208,1
don.baughman,2002-01,210,,,4
don.baughman,2002-01,208,198,,1
don.baughman,2002-02,215,,,1
don.baughman,2002-02,214,,,1
drew.fossum,2000-03,3,,10,4
drew.fossum,2000-04,10,3,18,5
drew.fossum,2000-05,21,,,1
drew.fossum,2000-05,18,10,33,4
drew.fossum,2000-06,30,,39,3
drew.fossum,2000-06,33,18,39,1
drew.fossum,2000-07,39,30|33,45,3
drew.fossum,2000-08,45,39,52,5
drew.fossum,2000-09,52,45,64,5
drew.fossum,2000-10,64,52,74,5
drew.fossum,2000-11,74,64,84,6
drew.fossum,2000-12,84,74,96,7
drew.fossum,2001-01,99,,105,1
drew.fossum,2001-01,96,84,107,5
drew.fossum,2001-01,95,,,1
drew.fossum,2001-02,107,96,117,6
drew.fossum,2001-02,105,99,120,1
drew.fossum,2001-03,120,105,126,2
drew.fossum,2001-03,117,107,127,7
drew.fossum,2001-04,127,117,136,5
drew.fossum,2001-04,126,120,133,1
drew.fossum,2001-05,134,,,2
drew.fossum,2001-05,136,127,,1
drew.fossum,2001-05,133,126,143,2
drew.fossum,2001-06,143,133,152,2
drew.fossum,2001-07,154,,163,7
drew.fossum,2001-07,152,143,166,1
drew.fossum,2001-08,163,154,172,4
drew.fossum,2001-08,166,152,171,1
drew.fossum,2001-09,171,166,182,2
drew.fossum,2001-09,172,163,183,6
drew.fossum,2001-10,185,,,1
drew.fossum,2001-10,183,172,193,9
drew.fossum,2001-10,182,171,,2
drew.fossum,2001-11,190,,,1
drew.fossum,2001-11,193,183,203,7
drew.fossum,2001-12,203,193,209,5
drew.fossum,2001-12,202,,,1
drew.fossum,2002-01,209,203,217,1
drew.fossum,2002-02,217,209,,1
dutch.quigley,2000-07,38,,,2
dutch.quigley,2000-08,44,,,1
dutch.quigley,2000-08,45,,,2
dutch.quigley,2000-10,64,,74,2
dutch.quigley,2000-10,63,,,1
dutch.quigley,2000-11,77,,89,1
dutch.quigley,2000-11,74,64,,2
dutch.quigley,2000-12,89,77,100,1
dutch.quigley,2001-01,95,,,2
dutch.quigley,2001-01,100,89,,1
dutch.quigley,2001-02,104,,116,1
dutch.quigley,2001-03,116,104,,2
dutch.quigley,2001-03,119,,129,2
dutch.quigley,2001-04,130,,139,2
dutch.quigley,2001-04,129,119,134,1
dutch.quigley,2001-05,139,130,142,4
dutch.quigley,2001-05,132,,,1
dutch.quigley,2001-05,134,129,,1
dutch.quigley,2001-05,137,,,1
dutch.quigley,2001-06,142,139,,1
dutch.quigley,2001-07,153,,161,3
dutch.quigley,2001-08,161,153,,1
dutch.quigley,2001-09,176,,185|181,3
dutch.quigley,2001-10,185,176,195,1
dutch.quigley,2001-10,184,,,1
dutch.quigley,2001-10,181,176,191,3
dutch.quigley,2001-10,180,,,2
dutch.quigley,2001-11,191,181,201,3
dutch.quigley,2001-11,195,185,202,1
dutch.quigley,2001-12,201,191,206,3
dutch.quigley,2001-12,202,195,,1
dutch.quigley,2002-01,206,201,,4
dutch.quigley,2002-01,208,,,1
elizabeth.sager,2000-03,5,,9,3
elizabeth.sager,2000-03,0,,7,1
elizabeth.sager,2000-04,9,5,,2
elizabeth.sager,2000-04,7,0,16,1
elizabeth.sager,2000-05,16,7,29,3
elizabeth.sager,2000-06,29,16,38|42,1
elizabeth.sager,2000-06,33,,,2
elizabeth.sager,2000-07,38,29,48,2
elizabeth.sager,2000-07,37,,44,2
elizabeth.sager,2000-07,42,29,48,1
elizabeth.sager,2000-08,44,37,54,1
elizabeth.sager,2000-08,48,38|42,57,4
elizabeth.sager,2000-09,54,44,,1
elizabeth.sager,2000-09,57,48,67,3
elizabeth.sager,2000-09,52,,68,1
elizabeth.sager,2000-10,68,52,77|72,3
elizabeth.sager,2000-10,67,57,77,1
elizabeth.sager,2000-11,72,68,,1
elizabeth.sager,2000-11,77,67|68,89,5
elizabeth.sager,2000-12,89,77,99|100,3
elizabeth.sager,2001-01,99,89,109|105,4
elizabeth.sager,2001-01,100,89,109,1
elizabeth.sager,2001-02,109,99|100,119,4
elizabeth.sager,2001-02,105,99,120,1
elizabeth.sager,2001-03,120,105,126,1
elizabeth.sager,2001-03,119,109,129,4
elizabeth.sager,2001-04,129,119,134,5
elizabeth.sager,2001-04,126,120,133,2
elizabeth.sager,2001-05,134,129,149,8
elizabeth.sager,2001-05,132,,,1
elizabeth.sager,2001-05,133,126,,1
elizabeth.sager,2001-06,149,134,,2
elizabeth.sager,2001-07,158,,168,1
elizabeth.sager,2001-08,168,158,179,2
elizabeth.sager,2001-09,179,168,185,2
elizabeth.sager,2001-10,185,179,195,4
elizabeth.sager,2001-11,192,,198,1
elizabeth.sager,2001-11,195,185,202,5
elizabeth.sager,2001-12,198,192,208,5
elizabeth.sager,2001-12,202,195,210,2
elizabeth.sager,2002-01,210,202,216,3
elizabeth.sager,2002-01,208,198,,1
elizabeth.sager,2002-02,218,,,1
elizabeth.sager,2002-02,214,,,1
elizabeth.sager,2002-02,216,210,,4
eric.bass,2000-03,3,,12,4
eric.bass,2000-04,12,3,,4
eric.bass,2000-05,24,,31,1
eric.bass,2000-06,31,24,40,3
eric.bass,2000-07,40,31,43,2
eric.bass,2000-08,47,,,1
eric.bass,2000-08,43,40,51,2
eric.bass,2000-09,51,43,63,6
eric.bass,2000-09,57,,,1
eric.bass,2000-10,63,51,73,3
eric.bass,2000-11,76,,,2
eric.bass,2000-11,74,,,1
eric.bass,2000-11,73,63,83,2
eric.bass,2000-12,83,73,95,1
eric.bass,2000-12,90,,95,1
eric.bass,2000-12,89,,,1
eric.bass,2001-01,95,83|90,106,3
eric.bass,2001-02,104,,116,1
eric.bass,2001-02,106,95,116,3
eric.bass,2001-03,116,104|106,125,2
eric.bass,2001-04,125,116,137|132,4
eric.bass,2001-05,132,125,,3
eric.bass,2001-05,137,125,,1
eric.bass,2001-06,147,,,1
eric.bass,2001-08,167,,169,2
eric.bass,2001-09,174,,184,3
eric.bass,2001-09,169,167,180,3
eric.bass,2001-10,184,174,,4
eric.bass,2001-10,180,169,190,4
eric.bass,2001-11,190,180,200,4
eric.bass,2001-11,192,,,1
eric.bass,2001-12,200,190,206,3
eric.bass,2002-01,211,,218|220,3
eric.bass,2002-01,206,200,214,1
eric.bass,2002-02,214,206,,1
eric.bass,2002-02,218,211,,1
eric.bass,2002-02,220,211,,2
errol.mclaughlin,2000-07,38,,,1
errol.mclaughlin,2000-08,45,,52,2
errol.mclaughlin,2000-09,52,45,64,1
errol.mclaughlin,2000-10,64,52,74,3
errol.mclaughlin,2000-11,74,64,84,2
errol.mclaughlin,2000-11,73,,,1
errol.mclaughlin,2000-12,90,,95,4
errol.mclaughlin,2000-12,84,74,,1
errol.mclaughlin,2001-01,101,,104,1
errol.mclaughlin,2001-01,95,90,,6
errol.mclaughlin,2001-02,104,101,116,6
errol.mclaughlin,2001-02,107,,,1
errol.mclaughlin,2001-03,116,104,125,3
errol.mclaughlin,2001-04,124,,,1
errol.mclaughlin,2001-04,125,116,,1
errol.mclaughlin,2001-05,139,,142,5
errol.mclaughlin,2001-06,142,139,,6
errol.mclaughlin,2001-07,159,,161,1
errol.mclaughlin,2001-08,161,159,,3
errol.mclaughlin,2001-09,176,,181,5
errol.mclaughlin,2001-09,170,,181,1
errol.mclaughlin,2001-10,184,,,2
errol.mclaughlin,2001-10,181,170|176,191,7
errol.mclaughlin,2001-10,180,,190,1
errol.mclaughlin,2001-11,190,180,200,1
errol.mclaughlin,2001-11,191,181,201,6
errol.mclaughlin,2001-12,201,191,206,5
errol.mclaughlin,2001-12,200,190,206,1
errol.mclaughlin,2002-01,206,200|201,,3
errol.mclaughlin,2002-02,215,,,2
errol.mclaughlin,2002-02,220,,,1
frank.ermis,2000-03,4,,13,1
frank.ermis,2000-04,13,4,,1
frank.ermis,2000-06,31,,40,1
frank.ermis,2000-07,40,31,43,2
frank.ermis,2000-08,43,40,51,1
frank.ermis,2000-09,51,43,63,2
frank.ermis,2000-10,63,51,73,1
frank.ermis,2000-11,73,63,83,1
frank.ermis,2000-12,83,73,95,2
frank.ermis,2001-01,95,83,106,3
frank.ermis,2001-02,106,95,116,3
frank.ermis,2001-03,116,106,125,2
frank.ermis,2001-04,125,116,137|132,2
frank.ermis,2001-05,134,,,1
frank.ermis,2001-05,132,125,,1
frank.ermis,2001-05,137,125,,3
frank.ermis,2001-07,153,,167,1
frank.ermis,2001-08,167,153,169,2
frank.ermis,2001-09,169,167,180,4
frank.ermis,2001-10,184,,,1
frank.ermis,2001-10,180,169,190,7
frank.ermis,2001-11,190,180,200,4
frank.ermis,2001-12,200,190,206,3
frank.ermis,2002-01,206,200,214,1
frank.ermis,2002-02,214,206,,1
frank.ermis,2002-02,220,,,1
gerald.nemec,2000-03,3,,12|10,1
gerald.nemec,2000-04,10,3,18,1
gerald.nemec,2000-04,12,3,,2
gerald.nemec,2000-05,22,,30,1
gerald.nemec,2000-05,18,10,,1
gerald.nemec,2000-06,30,22,,2
gerald.nemec,2000-07,42,,48,1
gerald.nemec,2000-08,44,,,1
gerald.nemec,2000-08,48,42,57,3
gerald.nemec,2000-08,45,,52,1
gerald.nemec,2000-09,55,,67,3
gerald.nemec,2000-09,57,48,67,1
gerald.nemec,2000-09,52,45,,1
gerald.nemec,2000-10,67,55|57,77,4
gerald.nemec,2000-11,71,,89,2
gerald.nemec,2000-11,77,67,89,2
gerald.nemec,2000-12,89,71|77,99|100,5
gerald.nemec,2001-01,99,89,109,1
gerald.nemec,2001-01,96,,109,1
gerald.nemec,2001-01,100,89,109,1
gerald.nemec,2001-02,109,96|99|100,119,5
gerald.nemec,2001-03,116,,,1
gerald.nemec,2001-03,119,109,129,6
gerald.nemec,2001-04,129,119,134,5
gerald.nemec,2001-05,134,129,149,8
gerald.nemec,2001-06,149,134,,4
gerald.nemec,2001-07,157,,165,3
gerald.nemec,2001-08,165,157,175,3
gerald.nemec,2001-08,167,,,1
gerald.nemec,2001-09,175,165,180,4
gerald.nemec,2001-10,185,,195,3
gerald.nemec,2001-10,180,175,190,4
gerald.nemec,2001-11,190,180,,4
gerald.nemec,2001-11,195,185,202,2
gerald.nemec,2001-12,202,195,210,6
gerald.nemec,2002-01,211,,218,3
gerald.nemec,2002-01,210,202,216,1
gerald.nemec,2002-02,218,211,,1
gerald.nemec,2002-02,216,210,,2
greg.whalley,2000-03,6,,11,3
greg.whalley,2000-03,2,,,1
greg.whalley,2000-04,11,6,20,2
greg.whalley,2000-05,20,11,27,3
greg.whalley,2000-06,27,20,38,3
greg.whalley,2000-07,38,27,,2
greg.whalley,2000-08,44,,54,2
greg.whalley,2000-08,43,,,1
greg.whalley,2000-09,54,44,62,5
greg.whalley,2000-09,57,,,1
greg.whalley,2000-10,68,,72,2
greg.whalley,2000-10,62,54,72,1
greg.whalley,2000-11,72,62|68,88,6
greg.whalley,2000-11,74,,,1
greg.whalley,2000-12,88,72,94,9
greg.whalley,2001-01,94,88,105,6
greg.whalley,2001-02,105,94,120|115,4
greg.whalley,2001-03,120,105,126,5
greg.whalley,2001-03,119,,,1
greg.whalley,2001-03,115,105,126,2
greg.whalley,2001-04,126,115|120,133,10
greg.whalley,2001-05,132,,,1
greg.whalley,2001-05,136,,,1
greg.whalley,2001-05,133,126,143,4
greg.whalley,2001-05,138,,143,1
greg.whalley,2001-06,146,,,1
greg.whalley,2001-06,143,133|138,152,5
greg.whalley,2001-06,148,,157,1
greg.whalley,2001-07,157,148,,1
greg.whalley,2001-07,152,143,166,6
greg.whalley,2001-08,161,,,1
greg.whalley,2001-08,166,152,171,8
greg.whalley,2001-09,171,166,182,7
greg.whalley,2001-09,176,,181,1
greg.whalley,2001-10,184,,,1
greg.whalley,2001-10,181,176,191,1
greg.whalley,2001-10,182,171,192,9
greg.whalley,2001-11,191,181,,1
greg.whalley,2001-11,192,182,198,10
greg.whalley,2001-11,193,,,1
greg.whalley,2001-12,205,,208,1
greg.whalley,2001-12,198,192,208,2
greg.whalley,2002-01,208,198|205,,5
greg.whalley,2002-02,214,,,1
greg.whalley,2002-02,216,,,2
hunter.shively,2000-03,1,,,1
hunter.shively,2000-04,11,,,1
hunter.shively,2000-06,32,,40|36,3
hunter.shively,2000-06,31,,40,1
hunter.shively,2000-06,33,,,1
hunter.shively,2000-06,27,,37,1
hunter.shively,2000-07,40,31|32,43,2
hunter.shively,2000-07,36,32,43,5
hunter.shively,2000-07,37,27,44,1
hunter.shively,2000-07,42,,,1
hunter.shively,2000-08,44,37,54,2
hunter.shively,2000-08,43,36|40,,3
hunter.shively,2000-08,47,,,4
hunter.shively,2000-09,57,,67,2
hunter.shively,2000-09,54,44,62,1
hunter.shively,2000-09,50,,62|61,4
hunter.shively,2000-10,62,50|54,72,5
hunter.shively,2000-10,67,57,,1
hunter.shively,2000-10,61,50,,1
hunter.shively,2000-11,80,,88,1
hunter.shively,2000-11,72,62,88,1
hunter.shively,2000-12,88,72|80,94,2
hunter.shively,2001-01,99,,,1
hunter.shively,2001-01,94,88,,3
hunter.shively,2001-01,101,,104,5
hunter.shively,2001-02,104,101,,2
hunter.shively,2001-03,115,,126,4
hunter.shively,2001-04,124,,132,1
hunter.shively,2001-04,129,,134,1
hunter.shively,2001-04,126,115,,2
hunter.shively,2001-05,134,129,,2
hunter.shively,2001-05,132,124,,1
james.derrick,2000-05,22,,,1
james.derrick,2000-07,42,,48,2
james.derrick,2000-08,44,,,1
james.derrick,2000-08,48,42,,1
james.derrick,2000-09,55,,68,1
james.derrick,2000-10,68,55,72,1
james.derrick,2000-10,62,,72,3
james.derrick,2000-11,72,62|68,,1
james.derrick,2000-12,89,,99,1
james.derrick,2001-01,99,89,105,1
james.derrick,2001-01,94,,105,1
james.derrick,2001-02,105,94|99,115,1
james.derrick,2001-03,119,,129,2
james.derrick,2001-03,115,105,126,2
james.derrick,2001-04,127,,,1
james.derrick,2001-04,129,119,134,1
james.derrick,2001-04,126,115,133,7
james.derrick,2001-05,134,129,,1
james.derrick,2001-05,133,126,143,4
james.derrick,2001-06,143,133,,3
james.derrick,2001-08,161,,,1
james.derrick,2001-08,166,,171,2
james.derrick,2001-09,171,166,182,3
james.derrick,2001-09,172,,183,1
james.derrick,2001-10,185,,,1
james.derrick,2001-10,183,172,,1
james.derrick,2001-10,184,,,1
james.derrick,2001-10,182,171,192,5
james.derrick,2001-11,192,182,,5
james.derrick,2001-12,205,,,2
james.steffes,2000-03,2,,,1
james.steffes,2000-04,10,,18,4
james.steffes,2000-05,18,10,33,2
james.steffes,2000-06,33,18,39,2
james.steffes,2000-07,37,,44,1
james.steffes,2000-07,39,33,44,4
james.steffes,2000-07,42,,,1
james.steffes,2000-08,44,37|39,54,5
james.steffes,2000-09,54,44,62,1
james.steffes,2000-09,55,,68,1
james.steffes,2000-09,57,,,1
james.steffes,2000-09,52,,68|64,3
james.steffes,2000-10,64,52,,1
james.steffes,2000-10,68,52|55,77|72,4
james.steffes,2000-10,62,54,72,2
james.steffes,2000-11,72,62|68,88,4
james.steffes,2000-11,77,68,89,2
james.steffes,2000-12,88,72,94,2
james.steffes,2000-12,82,,94|99,3
james.steffes,2000-12,89,77,99,1
james.steffes,2001-01,99,82|89,109|105,6
james.steffes,2001-01,94,82|88,105,4
james.steffes,2001-01,101,,,1
james.steffes,2001-01,95,,106,2
james.steffes,2001-02,107,,117,1
james.steffes,2001-02,109,99,119,3
james.steffes,2001-02,106,95,116,2
james.steffes,2001-02,105,94|99,120|115,7
james.steffes,2001-03,120,105,126,6
james.steffes,2001-03,116,106,125,2
james.steffes,2001-03,119,109,129,3
james.steffes,2001-03,115,105,126,2
james.steffes,2001-03,117,107,127,1
james.steffes,2001-04,127,117,,2
james.steffes,2001-04,125,116,137|132,2
james.steffes,2001-04,129,119,134,2
james.steffes,2001-04,126,115|120,133,7
james.steffes,2001-05,134,129,,3
james.steffes,2001-05,132,125,,1
james.steffes,2001-05,133,126,143,6
james.steffes,2001-05,137,125,,1
james.steffes,2001-06,143,133,152,8
james.steffes,2001-06,148,,,2
james.steffes,2001-07,152,143,,9
james.steffes,2002-01,208,,,1
jay.reitmeyer,2000-04,13,,,2
jay.reitmeyer,2000-06,31,,40,1
jay.reitmeyer,2000-07,40,31,43,2
jay.reitmeyer,2000-08,43,40,51,1
jay.reitmeyer,2000-09,51,43,63,1
jay.reitmeyer,2000-10,63,51,73,3
jay.reitmeyer,2000-11,73,63,83,7
jay.reitmeyer,2000-12,83,73,95,5
jay.reitmeyer,2001-01,95,83,106,2
jay.reitmeyer,2001-02,106,95,116,3
jay.reitmeyer,2001-03,116,106,125,2
jay.reitmeyer,2001-04,125,116,137|132,3
jay.reitmeyer,2001-05,134,,,1
jay.reitmeyer,2001-05,132,125,,1
jay.reitmeyer,2001-05,139,,,1
jay.reitmeyer,2001-05,137,125,,4
jay.reitmeyer,2001-07,153,,167|161,1
jay.reitmeyer,2001-08,165,,175,1
jay.reitmeyer,2001-08,161,153,,1
jay.reitmeyer,2001-08,167,153,169,1
jay.reitmeyer,2001-09,175,165,180,2
jay.reitmeyer,2001-09,169,167,180,2
jay.reitmeyer,2001-10,184,,,1
jay.reitmeyer,2001-10,180,169|175,190,9
jay.reitmeyer,2001-11,190,180,200,6
jay.reitmeyer,2001-12,200,190,206,3
jay.reitmeyer,2002-01,206,200,214,1
jay.reitmeyer,2002-01,208,,,1
jay.reitmeyer,2002-02,214,206,,1
jay.reitmeyer,2002-02,220,,,1
jay.reitmeyer,2002-02,216,,,1
jeff.dasovich,2000-04,10,,,2
jeff.dasovich,2000-06,30,,39,1
jeff.dasovich,2000-07,39,30,44,4
jeff.dasovich,2000-08,44,39,,3
jeff.dasovich,2000-09,55,,68,1
jeff.dasovich,2000-09,52,,68|64,7
jeff.dasovich,2000-10,64,52,74,1
jeff.dasovich,2000-10,68,52|55,77|72,5
jeff.dasovich,2000-11,74,64,84,2
jeff.dasovich,2000-11,72,68,88,4
jeff.dasovich,2000-11,77,68,89,1
jeff.dasovich,2000-11,73,,,1
jeff.dasovich,2000-12,88,72,94,2
jeff.dasovich,2000-12,82,,94|99,4
jeff.dasovich,2000-12,89,77,99,1
jeff.dasovich,2000-12,84,74,,2
jeff.dasovich,2001-01,99,82|89,109|105,5
jeff.dasovich,2001-01,94,82|88,105,1
jeff.dasovich,2001-01,95,,,1
jeff.dasovich,2001-02,109,99,119,1
jeff.dasovich,2001-02,107,,117,2
jeff.dasovich,2001-02,105,94|99,120,4
jeff.dasovich,2001-03,120,105,126,4
jeff.dasovich,2001-03,119,109,,2
jeff.dasovich,2001-03,117,107,127,3
jeff.dasovich,2001-04,127,117,136,4
jeff.dasovich,2001-04,126,120,133,4
jeff.dasovich,2001-05,134,,149,1
jeff.dasovich,2001-05,136,127,144,1
jeff.dasovich,2001-05,133,126,143,5
jeff.dasovich,2001-05,137,,141,1
jeff.dasovich,2001-06,143,133,152,5
jeff.dasovich,2001-06,149,134,,1
jeff.dasovich,2001-06,141,137,155,1
jeff.dasovich,2001-06,144,136,154,1
jeff.dasovich,2001-07,153,,167,1
jeff.dasovich,2001-07,151,,164,1
jeff.dasovich,2001-07,157,,,1
jeff.dasovich,2001-07,155,141,,1
jeff.dasovich,2001-07,154,144,,2
jeff.dasovich,2001-07,152,143,166,14
jeff.dasovich,2001-08,167,153,,1
jeff.dasovich,2001-08,164,151,,1
jeff.dasovich,2001-08,166,152,171,7
jeff.dasovich,2001-09,171,166,182,7
jeff.dasovich,2001-10,183,,193,3
jeff.dasovich,2001-10,182,171,192,6
jeff.dasovich,2001-10,180,,190,1
jeff.dasovich,2001-11,190,180,,2
jeff.dasovich,2001-11,192,182,,1
jeff.dasovich,2001-11,193,183,,1
jeff.dasovich,2001-12,202,,,3
jeff.dasovich,2002-01,212,,,3
jeff.skilling,2000-03,2,,9,3
jeff.skilling,2000-04,9,2,20,1
jeff.skilling,2000-05,20,9,27,1
jeff.skilling,2000-06,27,20,,3
jeff.skilling,2000-07,39,,44,1
jeff.skilling,2000-08,44,39,54,3
jeff.skilling,2000-09,54,44,62,1
jeff.skilling,2000-10,62,54,72,5
jeff.skilling,2000-11,72,62,88,3
jeff.skilling,2000-12,88,72,94,4
jeff.skilling,2001-01,94,88,105,3
jeff.skilling,2001-02,105,94,115,2
jeff.skilling,2001-03,115,105,126,2
jeff.skilling,2001-04,126,115,133,12
jeff.skilling,2001-05,134,,,2
jeff.skilling,2001-05,133,126,143,5
jeff.skilling,2001-06,143,133,152,2
jeff.skilling,2001-07,154,,163,1
jeff.skilling,2001-07,152,143,166,4
jeff.skilling,2001-08,163,154,,4
jeff.skilling,2001-08,167,,,1
jeff.skilling,2001-08,161,,,1
jeff.skilling,2001-08,166,152,,10
jeffrey.hodge,2000-03,0,,7,1
jeffrey.hodge,2000-03,5,,,2
jeffrey.hodge,2000-04,8,,16,3
jeffrey.hodge,2000-04,7,0,16,1
jeffrey.hodge,2000-05,16,7|8,29,3
jeffrey.hodge,2000-06,34,,38|42,1
jeffrey.hodge,2000-06,29,16,38|42,3
jeffrey.hodge,2000-06,33,,,1
jeffrey.hodge,2000-07,38,29|34,48,2
jeffrey.hodge,2000-07,36,,,1
jeffrey.hodge,2000-07,37,,,1
jeffrey.hodge,2000-07,42,29|34,48,4
jeffrey.hodge,2000-08,48,38|42,57,4
jeffrey.hodge,2000-09,57,48,67,4
jeffrey.hodge,2000-10,68,,77,2
jeffrey.hodge,2000-10,67,57,77,3
jeffrey.hodge,2000-11,77,67|68,89,7
jeffrey.hodge,2000-12,89,77,99|100,8
jeffrey.hodge,2000-12,82,,99,1
jeffrey.hodge,2001-01,99,82|89,109|105,4
jeffrey.hodge,2001-01,96,,109,1
jeffrey.hodge,2001-01,100,89,109,1
jeffrey.hodge,2001-02,109,96|99|100,119,6
jeffrey.hodge,2001-02,105,99,120,1
jeffrey.hodge,2001-03,120,105,126,2
jeffrey.hodge,2001-03,116,,125,1
jeffrey.hodge,2001-03,119,109,129,8
jeffrey.hodge,2001-04,125,116,,1
jeffrey.hodge,2001-04,129,119,134,9
jeffrey.hodge,2001-04,126,120,133,1
jeffrey.hodge,2001-05,134,129,149,8
jeffrey.hodge,2001-05,133,126,,1
jeffrey.hodge,2001-06,149,134,,5
jeffrey.hodge,2001-06,142,,,1
jeffrey.hodge,2001-06,148,,,2
jeffrey.hodge,2001-07,152,,,1
jeffrey.shankman,2000-03,2,,9,2
jeffrey.shankman,2000-04,9,2,20,2
jeffrey.shankman,2000-05,20,9,27,1
jeffrey.shankman,2000-05,17,,27,2
jeffrey.shankman,2000-06,32,,40,2
jeffrey.shankman,2000-06,26,,,1
jeffrey.shankman,2000-06,33,,,1
jeffrey.shankman,2000-06,27,17|20,37,5
jeffrey.shankman,2000-07,40,32,,1
jeffrey.shankman,2000-07,37,27,44,4
jeffrey.shankman,2000-08,44,37,54,7
jeffrey.shankman,2000-08,47,,,1
jeffrey.shankman,2000-09,54,44,62,3
jeffrey.shankman,2000-09,57,,67,1
jeffrey.shankman,2000-10,62,54,72,9
jeffrey.shankman,2000-10,67,57,,1
jeffrey.shankman,2000-11,72,62,88,6
jeffrey.shankman,2000-11,76,,,1
jeffrey.shankman,2000-12,88,72,94,7
jeffrey.shankman,2000-12,82,,94,1
jeffrey.shankman,2001-01,100,,,1
jeffrey.shankman,2001-01,101,,,3
jeffrey.shankman,2001-01,94,82|88,105,9
jeffrey.shankman,2001-01,98,,,1
jeffrey.shankman,2001-01,95,,,1
jeffrey.shankman,2001-02,105,94,120|115,6
jeffrey.shankman,2001-03,120,105,126,5
jeffrey.shankman,2001-03,119,,,1
jeffrey.shankman,2001-03,115,105,126,1
jeffrey.shankman,2001-04,124,,,1
jeffrey.shankman,2001-04,126,115|120,133,6
jeffrey.shankman,2001-05,136,,,1
jeffrey.shankman,2001-05,133,126,143,7
jeffrey.shankman,2001-06,146,,,3
jeffrey.shankman,2001-06,143,133,,1
joe.stepenovitch,2000-08,46,,,2
joe.stepenovitch,2000-11,75,,86,1
joe.stepenovitch,2000-12,86,75,98,2
joe.stepenovitch,2001-01,98,86,108,1
joe.stepenovitch,2001-02,108,98,118,1
joe.stepenovitch,2001-03,118,108,128,1
joe.stepenovitch,2001-04,128,118,135,1
joe.stepenovitch,2001-05,135,128,141,2
joe.stepenovitch,2001-06,141,135,155,1
joe.stepenovitch,2001-07,155,141,162,2
joe.stepenovitch,2001-08,162,155,173,2
joe.stepenovitch,2001-09,173,162,184,3
joe.stepenovitch,2001-10,184,173,194,3
joe.stepenovitch,2001-11,194,184,,2
joe.stepenovitch,2002-02,219,,,1
john.griffith,2000-05,20,,,1
john.griffith,2000-08,47,,,1
john.griffith,2000-09,59,,64,1
john.griffith,2000-10,64,59,,1
john.griffith,2000-12,90,,95,1
john.griffith,2001-01,101,,104,4
john.griffith,2001-01,95,90,,3
john.griffith,2001-02,104,101,116,2
john.griffith,2001-02,105,,,1
john.griffith,2001-03,116,104,,4
john.griffith,2001-04,130,,139,3
john.griffith,2001-05,139,130,142,5
john.griffith,2001-06,142,139,,3
john.griffith,2001-07,153,,161,1
john.griffith,2001-08,161,153,,1
john.griffith,2001-09,176,,181,5
john.griffith,2001-10,184,,,1
john.griffith,2001-10,181,176,191,8
john.griffith,2001-11,191,181,201,7
john.griffith,2001-12,201,191,206,5
john.griffith,2001-12,198,,,2
john.griffith,2002-01,206,201,214,4
john.griffith,2002-02,214,206,,2
john.lavorato,2000-03,2,,9,1
john.lavorato,2000-04,9,2,20,3
john.lavorato,2000-05,21,,27,1
john.lavorato,2000-05,20,9,27,2
john.lavorato,2000-05,18,,33,1
john.lavorato,2000-05,17,,27,6
john.lavorato,2000-06,33,18,39,3
john.lavorato,2000-06,27,17|20|21,37,3
john.lavorato,2000-07,36,,43,5
john.lavorato,2000-07,37,27,44,9
john.lavorato,2000-07,39,33,44|45,1
john.lavorato,2000-07,42,,,1
john.lavorato,2000-08,44,37|39,54,10
john.lavorato,2000-08,43,36,51,1
john.lavorato,2000-08,45,39,,1
john.lavorato,2000-08,47,,,3
john.lavorato,2000-09,51,43,,1
john.lavorato,2000-09,54,44,62,10
john.lavorato,2000-09,57,,67,2
john.lavorato,2000-10,67,57,,1
john.lavorato,2000-10,68,,72,3
john.lavorato,2000-10,62,54,72,10
john.lavorato,2000-10,61,,,1
john.lavorato,2000-11,73,,,2
john.lavorato,2000-11,72,62|68,88,10
john.lavorato,2000-11,76,,,9
john.lavorato,2000-12,88,72,94,12
john.lavorato,2000-12,82,,94|99,2
john.lavorato,2001-01,99,82,105,1
john.lavorato,2001-01,101,,104,2
john.lavorato,2001-01,94,82|88,105,11
john.lavorato,2001-01,98,,,1
john.lavorato,2001-02,104,101,116|114,1
john.lavorato,2001-02,105,94|99,120|115,4
john.lavorato,2001-03,120,105,126,4
john.lavorato,2001-03,116,104,125,2
john.lavorato,2001-03,115,105,126,10
john.lavorato,2001-03,114,104,124,1
john.lavorato,2001-04,124,114,132,2
john.lavorato,2001-04,125,116,137|132,3
john.lavorato,2001-04,129,,134,1
john.lavorato,2001-04,126,115|120,133,22
john.lavorato,2001-05,134,129,,8
john.lavorato,2001-05,140,,,2
john.lavorato,2001-05,139,,,2
john.lavorato,2001-05,135,,141,2
john.lavorato,2001-05,133,126,143,9
john.lavorato,2001-05,136,,,1
john.lavorato,2001-05,137,125,141,7
john.lavorato,2001-05,132,124|125,,30
john.lavorato,2001-05,138,,143,5
john.lavorato,2001-06,146,,,1
john.lavorato,2001-06,143,133|138,152,7
john.lavorato,2001-06,141,135|137,,2
john.lavorato,2001-06,148,,157,2
john.lavorato,2001-07,157,148,,1
john.lavorato,2001-07,152,143,166,9
john.lavorato,2001-08,167,,169,1
john.lavorato,2001-08,161,,,1
john.lavorato,2001-08,166,152,171,5
john.lavorato,2001-09,171,166,182,9
john.lavorato,2001-09,169,167,180,2
john.lavorato,2001-09,174,,184,1
john.lavorato,2001-09,170,,181,1
john.lavorato,2001-10,184,174,,1
john.lavorato,2001-10,181,170,191,1
john.lavorato,2001-10,182,171,192,8
john.lavorato,2001-10,180,169,190,6
john.lavorato,2001-11,190,180,200,4
john.lavorato,2001-11,192,182,198,12
john.lavorato,2001-11,193,,,1
john.lavorato,2001-11,191,181,,1
john.lavorato,2001-12,200,190,206,1
john.lavorato,2001-12,198,192,208,7
john.lavorato,2002-01,206,200,214,3
john.lavorato,2002-01,208,198,,8
john.lavorato,2002-02,214,206,,1
john.lavorato,2002-02,216,,,4
juan.hernandez,2000-06,35,,41,1
juan.hernandez,2000-07,41,35,46,1
juan.hernandez,2000-08,46,41,53,2
juan.hernandez,2000-09,53,46,,1
juan.hernandez,2000-11,75,,86,1
juan.hernandez,2000-12,86,75,98,1
juan.hernandez,2001-01,98,86,108,1
juan.hernandez,2001-02,108,98,118,1
juan.hernandez,2001-03,118,108,128,1
juan.hernandez,2001-04,128,118,135,1
juan.hernandez,2001-04,126,,,1
juan.hernandez,2001-05,132,,,1
juan.hernandez,2001-05,135,128,141,1
juan.hernandez,2001-06,141,135,155,2
juan.hernandez,2001-07,155,141,162,2
juan.hernandez,2001-08,161,,,1
juan.hernandez,2001-08,162,155,173,3
juan.hernandez,2001-09,173,162,184,2
juan.hernandez,2001-10,184,173,,2
judy.townsend,2000-03,1,,8,2
judy.townsend,2000-04,8,1,15,1
judy.townsend,2000-05,15,8,26,1
judy.townsend,2000-06,26,15,36,1
judy.townsend,2000-07,36,26,43,1
judy.townsend,2000-08,43,36,,2
judy.townsend,2000-09,50,,61,1
judy.townsend,2000-10,61,50,71,2
judy.townsend,2000-11,71,61,81,1
judy.townsend,2000-12,81,71,93,2
judy.townsend,2001-01,93,81,104,1
judy.townsend,2001-02,104,93,114,2
judy.townsend,2001-03,114,104,124,2
judy.townsend,2001-04,124,114,132,2
judy.townsend,2001-05,132,124,,2
judy.townsend,2001-06,142,,,1
judy.townsend,2001-09,170,,181,1
judy.townsend,2001-10,181,170,,2
judy.townsend,2001-12,204,,208,1
judy.townsend,2002-01,208,204,,2
judy.townsend,2002-02,218,,,1
judy.townsend,2002-02,214,,,1
judy.townsend,2002-02,220,,,3
kam.keiser,2000-05,23,,31,2
kam.keiser,2000-06,31,23,40,2
kam.keiser,2000-07,40,31,,1
kam.keiser,2000-07,36,,,2
kam.keiser,2000-08,47,,,4
kam.keiser,2000-09,51,,63,1
kam.keiser,2000-10,63,51,73,1
kam.keiser,2000-11,73,63,,2
kam.keiser,2000-12,88,,94,1
kam.keiser,2000-12,90,,95,4
kam.keiser,2001-01,94,88,105,1
kam.keiser,2001-01,95,90,,4
kam.keiser,2001-02,104,,116|114,5
kam.keiser,2001-02,105,94,,1
kam.keiser,2001-03,116,104,,2
kam.keiser,2001-03,114,104,124,1
kam.keiser,2001-04,124,114,132,2
kam.keiser,2001-05,134,,,1
kam.keiser,2001-05,132,124,,2
kam.keiser,2001-06,142,,,3
kam.keiser,2001-07,159,,161,1
kam.keiser,2001-08,161,159,,4
kam.keiser,2001-08,166,,,1
kam.keiser,2001-09,176,,181,1
kam.keiser,2001-09,169,,180,2
kam.keiser,2001-09,170,,181,5
kam.keiser,2001-10,184,,,1
kam.keiser,2001-10,181,170|176,191,8
kam.keiser,2001-10,180,169,190,1
kam.keiser,2001-11,190,180,200,14
kam.keiser,2001-11,191,181,201,2
kam.keiser,2001-12,201,191,206,1
kam.keiser,2001-12,200,190,206,9
kam.keiser,2002-01,206,200|201,214,4
kam.keiser,2002-01,210,,216,1
kam.keiser,2002-02,215,,,2
kam.keiser,2002-02,214,206,,1
kam.keiser,2002-02,220,,,8
kam.keiser,2002-02,216,210,,3
kate.symes,2000-10,66,,70,1
kate.symes,2000-11,70,66,85,7
kate.symes,2000-12,85,70,92,4
kate.symes,2001-01,92,85,103,6
kate.symes,2001-02,103,92,113,5
kate.symes,2001-03,113,103,123,9
kate.symes,2001-04,123,113,140,6
kate.symes,2001-05,140,123,145,2
kate.symes,2001-06,145,140,151,3
kate.symes,2001-07,151,145,164,4
kate.symes,2001-08,164,151,177,5
kate.symes,2001-09,177,164,186,1
kate.symes,2001-10,186,177,196,6
kate.symes,2001-11,196,186,199,4
kate.symes,2001-12,199,196,207,1
kate.symes,2002-01,207,199,,1
kay.mann,2000-06,34,,42,1
kay.mann,2000-07,42,34,48,2
kay.mann,2000-08,48,42,57,3
kay.mann,2000-09,57,48,67,4
kay.mann,2000-10,68,,77,3
kay.mann,2000-10,67,57,77,2
kay.mann,2000-11,77,67|68,89,3
kay.mann,2000-12,89,77,99,4
kay.mann,2001-01,99,89,109,2
kay.mann,2001-02,109,99,119,6
kay.mann,2001-03,120,,,2
kay.mann,2001-03,119,109,129,2
kay.mann,2001-04,129,119,134,4
kay.mann,2001-04,123,,140,1
kay.mann,2001-05,134,129,149,5
kay.mann,2001-05,140,123,,1
kay.mann,2001-06,149,134,,3
kay.mann,2001-07,158,,168,1
kay.mann,2001-08,168,158,179,1
kay.mann,2001-09,179,168,185,1
kay.mann,2001-10,185,179,195,1
kay.mann,2001-10,180,,,1
kay.mann,2001-11,195,185,202,3
kay.mann,2001-12,203,,,1
kay.mann,2001-12,198,,,1
kay.mann,2001-12,202,195,210,3
kay.mann,2002-01,210,202,216,2
kay.mann,2002-02,218,,,1
kay.mann,2002-02,216,210,,1
keith.holst,2000-08,43,,51,1
keith.holst,2000-09,51,43,63,1
keith.holst,2000-10,63,51,73,1
keith.holst,2000-11,76,,,1
keith.holst,2000-11,72,,,1
keith.holst,2000-11,73,63,83,2
keith.holst,2000-12,83,73,95,3
keith.holst,2001-01,99,,105,1
keith.holst,2001-01,101,,,1
keith.holst,2001-01,95,83,106,2
keith.holst,2001-02,106,95,116,2
keith.holst,2001-02,105,99,120,2
keith.holst,2001-03,120,105,126,1
keith.holst,2001-03,116,106,125,2
keith.holst,2001-04,125,116,137|132,4
keith.holst,2001-04,126,120,,1
keith.holst,2001-05,139,,,1
keith.holst,2001-05,132,125,,2
keith.holst,2001-05,137,125,141,1
keith.holst,2001-06,141,137,,1
keith.holst,2001-07,153,,167,1
keith.holst,2001-08,162,,,1
keith.holst,2001-08,167,153,169,1
keith.holst,2001-09,171,,,1
keith.holst,2001-09,169,167,180,3
keith.holst,2001-10,184,,,1
keith.holst,2001-10,180,169,190,7
keith.holst,2001-11,190,180,200,4
keith.holst,2001-11,192,,,1
keith.holst,2001-11,191,,,2
keith.holst,2001-12,200,190,206,2
keith.holst,2002-01,206,200,214,1
keith.holst,2002-01,208,,,2
keith.holst,2002-02,215,,,1
keith.holst,2002-02,214,206,,1
keith.holst,2002-02,220,,,1
kenneth.lay,2000-03,2,,,2
kenneth.lay,2000-06,27,,,1
kenneth.lay,2000-08,44,,,1
kenneth.lay,2000-10,62,,72,3
kenneth.lay,2000-11,72,62,,3
kenneth.lay,2000-11,76,,,1
kenneth.lay,2000-12,82,,94,1
kenneth.lay,2001-01,94,82,105,2
kenneth.lay,2001-02,105,94,115,2
kenneth.lay,2001-03,115,105,126,1
kenneth.lay,2001-04,126,115,133,4
kenneth.lay,2001-05,133,126,143,2
kenneth.lay,2001-06,143,133,152,1
kenneth.lay,2001-07,152,143,166,1
kenneth.lay,2001-08,161,,,14
kenneth.lay,2001-08,164,,,1
kenneth.lay,2001-08,162,,,4
kenneth.lay,2001-08,166,152,171,10
kenneth.lay,2001-08,167,,,5
kenneth.lay,2001-08,163,,,3
kenneth.lay,2001-08,165,,,2
kenneth.lay,2001-09,171,166,182,5
kenneth.lay,2001-10,183,,,1
kenneth.lay,2001-10,184,,,3
kenneth.lay,2001-10,182,171,192,6
kenneth.lay,2001-11,192,182,,8
kenneth.lay,2001-12,203,,,1
kenneth.lay,2001-12,205,,208,1
kenneth.lay,2002-01,208,205,,2
kevin.hyatt,2000-03,3,,10,2
kevin.hyatt,2000-04,10,3,18,1
kevin.hyatt,2000-05,18,10,,2
kevin.hyatt,2000-06,30,,39,3
kevin.hyatt,2000-07,39,30,45,3
kevin.hyatt,2000-08,45,39,52,5
kevin.hyatt,2000-09,52,45,64,4
kevin.hyatt,2000-10,64,52,74,5
kevin.hyatt,2000-11,74,64,84,4
kevin.hyatt,2000-12,84,74,96,3
kevin.hyatt,2001-01,96,84,107,1
kevin.hyatt,2001-01,95,,,1
kevin.hyatt,2001-02,107,96,117,5
kevin.hyatt,2001-03,117,107,127,6
kevin.hyatt,2001-04,127,117,136,4
kevin.hyatt,2001-05,136,127,144,3
kevin.hyatt,2001-06,144,136,154,3
kevin.hyatt,2001-07,154,144,163,5
kevin.hyatt,2001-08,163,154,172,6
kevin.hyatt,2001-09,172,163,183,4
kevin.hyatt,2001-10,183,172,193,6
kevin.hyatt,2001-10,182,,,1
kevin.hyatt,2001-11,193,183,203,6
kevin.hyatt,2001-12,203,193,209,5
kevin.hyatt,2002-01,209,203,217,7
kevin.hyatt,2002-02,217,209,,6
kevin.presto,2000-04,9,,20,2
kevin.presto,2000-05,20,9,27,2
kevin.presto,2000-05,17,,27,1
kevin.presto,2000-06,33,,,3
kevin.presto,2000-06,27,17|20,38|37,1
kevin.presto,2000-07,38,27,,1
kevin.presto,2000-07,37,27,44,4
kevin.presto,2000-08,44,37,54,3
kevin.presto,2000-09,54,44,62,3
kevin.presto,2000-09,57,,,2
kevin.presto,2000-10,68,,72,1
kevin.presto,2000-10,62,54,72,2
kevin.presto,2000-11,72,62|68,88,2
kevin.presto,2000-11,76,,,1
kevin.presto,2000-12,88,72,94,3
kevin.presto,2000-12,82,,94|99,1
kevin.presto,2001-01,99,82,105,1
kevin.presto,2001-01,94,82|88,105,4
kevin.presto,2001-01,100,,,1
kevin.presto,2001-02,105,94|99,115,4
kevin.presto,2001-03,115,105,126,3
kevin.presto,2001-04,128,,,2
kevin.presto,2001-04,126,115,133,3
kevin.presto,2001-05,134,,,3
kevin.presto,2001-05,140,,,1
kevin.presto,2001-05,133,126,,3
kevin.presto,2001-05,132,,,2
kevin.presto,2001-05,138,,,1
kevin.presto,2001-06,148,,,1
kevin.presto,2001-07,152,,,4
kimberly.watson,2000-04,10,,18,1
kimberly.watson,2000-05,18,10,,1
kimberly.watson,2000-07,39,,44|45,1
kimberly.watson,2000-08,44,39,,1
kimberly.watson,2000-08,45,39,,3
kimberly.watson,2000-10,64,,74,4
kimberly.watson,2000-11,74,64,,2
kimberly.watson,2001-01,94,,,1
kimberly.watson,2001-03,117,,,3
kimberly.watson,2001-04,126,,,1
kimberly.watson,2001-05,136,,144,3
kimberly.watson,2001-06,144,136,154,5
kimberly.watson,2001-07,154,144,163,8
kimberly.watson,2001-08,163,154,172,7
kimberly.watson,2001-09,171,,182,1
kimberly.watson,2001-09,172,163,183,9
kimberly.watson,2001-10,183,172,193,9
kimberly.watson,2001-10,182,171,,1
kimberly.watson,2001-11,193,183,203,10
kimberly.watson,2001-12,203,193,209,9
kimberly.watson,2002-01,208,,,1
kimberly.watson,2002-01,209,203,217,11
kimberly.watson,2002-02,217,209,,6
larry.campbell,2000-09,58,,,1
larry.campbell,2000-11,75,,86,1
larry.campbell,2000-12,86,75,98,2
larry.campbell,2001-01,98,86,108,1
larry.campbell,2001-02,108,98,118,2
larry.campbell,2001-03,118,108,128,5
larry.campbell,2001-04,128,118,135,1
larry.campbell,2001-05,135,128,,2
larry.campbell,2001-06,144,,154,1
larry.campbell,2001-07,154,144,163,1
larry.campbell,2001-08,163,154,172,1
larry.campbell,2001-09,172,163,183,1
larry.campbell,2001-10,183,172,193,3
larry.campbell,2001-10,184,,,1
larry.campbell,2001-11,193,183,203,3
larry.campbell,2001-12,203,193,209,1
larry.campbell,2002-01,209,203,217,3
larry.campbell,2002-02,217,209,,1
lindy.donoho,2000-03,3,,,1
lindy.donoho,2000-07,39,,45,2
lindy.donoho,2000-08,45,39,52,5
lindy.donoho,2000-09,52,45,64,2
lindy.donoho,2000-10,64,52,74,5
lindy.donoho,2000-11,74,64,84,3
lindy.donoho,2000-12,84,74,,5
lindy.donoho,2001-02,107,,117,1
lindy.donoho,2001-03,117,107,127,3
lindy.donoho,2001-04,127,117,136,4
lindy.donoho,2001-05,136,127,144,4
lindy.donoho,2001-06,144,136,154,5
lindy.donoho,2001-07,154,144,163,4
lindy.donoho,2001-08,163,154,172,8
lindy.donoho,2001-09,172,163,183,8
lindy.donoho,2001-10,183,172,193,4
lindy.donoho,2001-10,182,,,1
lindy.donoho,2001-11,193,183,203,9
lindy.donoho,2001-12,203,193,209,5
lindy.donoho,2002-01,209,203,217,5
lindy.donoho,2002-02,217,209,,7
lisa.gang,2000-12,85,,92,1
lisa.gang,2001-01,92,85,103,1
lisa.gang,2001-02,103,92,113,2
lisa.gang,2001-03,113,103,123,2
lisa.gang,2001-04,123,113,140,3
lisa.gang,2001-05,140,123,145,1
lisa.gang,2001-06,145,140,151,3
lisa.gang,2001-07,151,145,164,3
lisa.gang,2001-08,164,151,177,3
lisa.gang,2001-09,177,164,186,1
lisa.gang,2001-10,186,177,196,3
lisa.gang,2001-11,196,186,,2
louise.kitchen,2000-03,5,,9,1
louise.kitchen,2000-03,0,,7,2
louise.kitchen,2000-03,6,,9,1
louise.kitchen,2000-03,2,,9,8
louise.kitchen,2000-04,9,2|5|6,,1
louise.kitchen,2000-04,7,0,16,1
louise.kitchen,2000-05,21,,27,2
louise.kitchen,2000-05,16,7,29,2
louise.kitchen,2000-06,29,16,38,2
louise.kitchen,2000-06,27,21,38|37,4
louise.kitchen,2000-07,38,27|29,48,4
louise.kitchen,2000-07,36,,,1
louise.kitchen,2000-07,37,27,44,1
louise.kitchen,2000-08,44,37,54,2
louise.kitchen,2000-08,48,38,57,4
louise.kitchen,2000-08,47,,,1
louise.kitchen,2000-09,54,44,62,2
louise.kitchen,2000-09,57,48,67,1
louise.kitchen,2000-10,62,54,72,1
louise.kitchen,2000-10,67,57,77,2
louise.kitchen,2000-11,72,62,88,6
louise.kitchen,2000-11,77,67,89,2
louise.kitchen,2000-12,88,72,94,6
louise.kitchen,2000-12,89,77,100,1
louise.kitchen,2001-01,94,88,105,4
louise.kitchen,2001-01,100,89,109,3
louise.kitchen,2001-02,109,100,119,1
louise.kitchen,2001-02,104,,,1
louise.kitchen,2001-02,106,,,1
louise.kitchen,2001-02,105,94,120|115,7
louise.kitchen,2001-03,120,105,126,4
louise.kitchen,2001-03,119,109,129,2
louise.kitchen,2001-03,115,105,126,5
louise.kitchen,2001-04,124,,132,2
louise.kitchen,2001-04,130,,,1
louise.kitchen,2001-04,125,,132,2
louise.kitchen,2001-04,129,119,134,2
louise.kitchen,2001-04,126,115|120,133,15
louise.kitchen,2001-05,134,129,,1
louise.kitchen,2001-05,132,124|125,,1
louise.kitchen,2001-05,136,,,2
louise.kitchen,2001-05,133,126,143,8
louise.kitchen,2001-05,138,,143,1
louise.kitchen,2001-06,146,,,1
louise.kitchen,2001-06,143,133|138,152,3
louise.kitchen,2001-06,148,,157,4
louise.kitchen,2001-07,153,,167|161,2
louise.kitchen,2001-07,152,143,166,11
louise.kitchen,2001-07,151,,,1
louise.kitchen,2001-07,157,148,,2
louise.kitchen,2001-08,161,153,,1
louise.kitchen,2001-08,166,152,171,6
louise.kitchen,2001-08,162,,,1
louise.kitchen,2001-08,167,153,169,2
louise.kitchen,2001-09,169,167,180,2
louise.kitchen,2001-09,175,,180,1
louise.kitchen,2001-09,171,166,182,13
louise.kitchen,2001-09,177,,,1
louise.kitchen,2001-09,174,,184,1
louise.kitchen,2001-09,176,,181,1
louise.kitchen,2001-10,183,,,1
louise.kitchen,2001-10,184,174,194,1
louise.kitchen,2001-10,181,176,191,1
louise.kitchen,2001-10,182,171,192,11
louise.kitchen,2001-10,180,169|175,190,2
louise.kitchen,2001-11,194,184,,1
louise.kitchen,2001-11,190,180,200,2
louise.kitchen,2001-11,192,182,198,14
louise.kitchen,2001-11,191,181,201,2
louise.kitchen,2001-11,195,,202,2
louise.kitchen,2001-12,201,191,206,1
louise.kitchen,2001-12,200,190,206,2
louise.kitchen,2001-12,205,,208,1
louise.kitchen,2001-12,198,192,208,13
louise.kitchen,2001-12,202,195,210,2
louise.kitchen,2002-01,206,200|201,214,1
louise.kitchen,2002-01,210,202,216,2
louise.kitchen,2002-01,208,198|205,,10
louise.kitchen,2002-02,215,,,1
louise.kitchen,2002-02,214,206,,2
louise.kitchen,2002-02,220,,,1
louise.kitchen,2002-02,216,210,,12
lynn.blair,2000-03,3,,10,1
lynn.blair,2000-04,10,3,18,2
lynn.blair,2000-05,18,10,,2
lynn.blair,2000-07,39,,45,1
lynn.blair,2000-08,45,39,52,1
lynn.blair,2000-09,52,45,64,1
lynn.blair,2000-10,64,52,74,1
lynn.blair,2000-11,74,64,84,1
lynn.blair,2000-12,84,74,96,2
lynn.blair,2001-01,96,84,107,1
lynn.blair,2001-02,107,96,117,1
lynn.blair,2001-03,117,107,127,4
lynn.blair,2001-04,127,117,136,1
lynn.blair,2001-05,136,127,144,3
lynn.blair,2001-06,144,136,154,6
lynn.blair,2001-07,154,144,163,6
lynn.blair,2001-08,163,154,172,5
lynn.blair,2001-09,172,163,183,5
lynn.blair,2001-10,183,172,193,7
lynn.blair,2001-11,193,183,203,7
lynn.blair,2001-12,203,193,209,13
lynn.blair,2002-01,209,203,217,6
lynn.blair,2002-02,217,209,,7
marie.heard,2000-03,0,,7,3
marie.heard,2000-04,7,0,16,4
marie.heard,2000-05,16,7,29,2
marie.heard,2000-06,29,16,38,2
marie.heard,2000-07,38,29,48,1
marie.heard,2000-08,48,38,57,1
marie.heard,2000-09,57,48,67,1
marie.heard,2000-10,67,57,77,2
marie.heard,2000-11,77,67,89,1
marie.heard,2000-12,89,77,99|100,1
marie.heard,2001-01,99,89,109,1
marie.heard,2001-01,100,89,109,2
marie.heard,2001-02,109,99|100,119,1
marie.heard,2001-03,119,109,129,2
marie.heard,2001-04,129,119,134,1
marie.heard,2001-05,134,129,,3
marie.heard,2001-06,148,,157,5
marie.heard,2001-07,157,148,165,5
marie.heard,2001-08,165,157,176,4
marie.heard,2001-09,176,165,185,3
marie.heard,2001-10,185,176,195,6
marie.heard,2001-10,180,,190,1
marie.heard,2001-11,190,180,,1
marie.heard,2001-11,195,185,202,6
marie.heard,2001-12,198,,,1
marie.heard,2001-12,202,195,,2
marie.heard,2002-02,214,,,1
marie.heard,2002-02,216,,,2
mark.taylor,2000-03,0,,7,5
mark.taylor,2000-03,2,,,1
mark.taylor,2000-04,7,0,16,5
mark.taylor,2000-05,21,,27,1
mark.taylor,2000-05,16,7,29,4
mark.taylor,2000-06,29,16,38|42,6
mark.taylor,2000-06,27,21,38,1
mark.taylor,2000-07,38,27|29,48,5
mark.taylor,2000-07,42,29,48,2
mark.taylor,2000-08,48,38|42,57,8
mark.taylor,2000-09,54,,,2
mark.taylor,2000-09,57,48,67,7
mark.taylor,2000-10,68,,77|72,2
mark.taylor,2000-10,67,57,77,8
mark.taylor,2000-11,72,68,88,2
mark.taylor,2000-11,71,,89|81,1
mark.taylor,2000-11,77,67|68,89,12
mark.taylor,2000-12,89,71|77,99|100,9
mark.taylor,2000-12,88,72,94,1
mark.taylor,2000-12,81,71,,1
mark.taylor,2001-01,99,89,109|105,2
mark.taylor,2001-01,94,88,105,1
mark.taylor,2001-01,100,89,109,6
mark.taylor,2001-02,109,99|100,119,13
mark.taylor,2001-02,105,94|99,115,3
mark.taylor,2001-03,119,109,129,7
mark.taylor,2001-03,115,105,126,1
mark.taylor,2001-04,129,119,134,7
mark.taylor,2001-04,126,115,133,2
mark.taylor,2001-05,134,129,,8
mark.taylor,2001-05,133,126,143,1
mark.taylor,2001-06,143,133,,1
mark.taylor,2001-06,144,,,1
mark.taylor,2001-06,148,,,7
matt.motley,2000-11,70,,,1
matt.motley,2001-01,92,,103,2
matt.motley,2001-02,103,92,113,1
matt.motley,2001-03,113,103,123,2
matt.motley,2001-04,125,,132,2
matt.motley,2001-04,123,113,,1
matt.motley,2001-05,132,125,,2
matt.motley,2001-06,145,,151,1
matt.motley,2001-06,141,,,3
matt.motley,2001-07,151,145,,2
matt.motley,2001-08,161,,,2
matt.motley,2001-09,169,,180,2
matt.motley,2001-10,186,,,1
matt.motley,2001-10,182,,,1
matt.motley,2001-10,180,169,190,4
matt.motley,2001-11,190,180,,2
matt.motley,2001-12,198,,,1
matt.motley,2002-01,206,,,1
matthew.lenhart,2000-03,3,,12,2
matthew.lenhart,2000-04,12,3,,1
matthew.lenhart,2000-05,24,,31,1
matthew.lenhart,2000-06,32,,40,1
matthew.lenhart,2000-06,26,,,1
matthew.lenhart,2000-06,31,24,40,8
matthew.lenhart,2000-07,40,31|32,43,7
matthew.lenhart,2000-08,47,,,1
matthew.lenhart,2000-08,43,40,51,6
matthew.lenhart,2000-09,51,43,63,8
matthew.lenhart,2000-10,63,51,73,5
matthew.lenhart,2000-11,73,63,83,8
matthew.lenhart,2000-11,74,,84,1
matthew.lenhart,2000-11,76,,,1
matthew.lenhart,2000-12,83,73,95,6
matthew.lenhart,2000-12,84,74,,1
matthew.lenhart,2001-01,95,83,106,8
matthew.lenhart,2001-02,107,,117,1
matthew.lenhart,2001-02,106,95,116,13
matthew.lenhart,2001-03,116,106,125,11
matthew.lenhart,2001-03,115,,,1
matthew.lenhart,2001-03,117,107,127,1
matthew.lenhart,2001-04,127,117,,1
matthew.lenhart,2001-04,125,116,137|132,7
matthew.lenhart,2001-05,132,125,,2
matthew.lenhart,2001-05,137,125,,6
matthew.lenhart,2001-06,147,,153,1
matthew.lenhart,2001-07,153,147,167|161,1
matthew.lenhart,2001-08,161,153,,1
matthew.lenhart,2001-08,162,,,1
matthew.lenhart,2001-08,167,153,169,3
matthew.lenhart,2001-09,174,,184,1
matthew.lenhart,2001-09,169,167,180,4
matthew.lenhart,2001-10,184,174,,1
matthew.lenhart,2001-10,180,169,190,8
matthew.lenhart,2001-11,190,180,200,6
matthew.lenhart,2001-12,200,190,206,4
matthew.lenhart,2002-01,211,,220,1
matthew.lenhart,2002-01,206,200,214,3
matthew.lenhart,2002-02,214,206,,1
matthew.lenhart,2002-02,220,211,,2
mike.grigsby,2000-06,32,,40|36,2
mike.grigsby,2000-06,31,,40,1
mike.grigsby,2000-06,27,,37,1
mike.grigsby,2000-07,40,31|32,43,5
mike.grigsby,2000-07,36,32,43,1
mike.grigsby,2000-07,37,27,,1
mike.grigsby,2000-08,47,,,1
mike.grigsby,2000-08,43,36|40,51,4
mike.grigsby,2000-09,51,43,63,8
mike.grigsby,2000-09,54,,,1
mike.grigsby,2000-09,57,,,1
mike.grigsby,2000-10,63,51,73,10
mike.grigsby,2000-10,61,,,1
mike.grigsby,2000-11,76,,,2
mike.grigsby,2000-11,74,,,1
mike.grigsby,2000-11,73,63,83,5
mike.grigsby,2000-12,83,73,95,9
mike.grigsby,2001-01,101,,104,1
mike.grigsby,2001-01,100,,109,1
mike.grigsby,2001-01,95,83,106,8
mike.grigsby,2001-01,99,,109|105,1
mike.grigsby,2001-01,94,,105,2
mike.grigsby,2001-01,96,,107|109,1
mike.grigsby,2001-02,107,96,117,1
mike.grigsby,2001-02,109,96|99|100,119,1
mike.grigsby,2001-02,104,101,116,1
mike.grigsby,2001-02,106,95,116,6
mike.grigsby,2001-02,105,94|99,120|115,1
mike.grigsby,2001-03,120,105,126,1
mike.grigsby,2001-03,116,104|106,125,11
mike.grigsby,2001-03,119,109,129,4
mike.grigsby,2001-03,115,105,126,1
mike.grigsby,2001-03,117,107,127,1
mike.grigsby,2001-04,127,117,,1
mike.grigsby,2001-04,125,116,137|132,9
mike.grigsby,2001-04,129,119,134,1
mike.grigsby,2001-04,123,,,1
mike.grigsby,2001-04,126,115|120,,3
mike.grigsby,2001-05,134,129,,3
mike.grigsby,2001-05,132,125,,2
mike.grigsby,2001-05,137,125,141,5
mike.grigsby,2001-06,143,,152,1
mike.grigsby,2001-06,141,137,155,1
mike.grigsby,2001-07,153,,167|161,8
mike.grigsby,2001-07,157,,165,1
mike.grigsby,2001-07,152,143,,3
mike.grigsby,2001-07,155,141,162,1
mike.grigsby,2001-08,165,157,175,1
mike.grigsby,2001-08,161,153,,3
mike.grigsby,2001-08,162,155,,1
mike.grigsby,2001-08,167,153,169,10
mike.grigsby,2001-09,175,165,180,1
mike.grigsby,2001-09,174,,184,1
mike.grigsby,2001-09,177,,,1
mike.grigsby,2001-09,169,167,180,10
mike.grigsby,2001-09,171,,182,3
mike.grigsby,2001-10,184,174,,1
mike.grigsby,2001-10,182,171,192,1
mike.grigsby,2001-10,180,169|175,190,14
mike.grigsby,2001-11,190,180,200,11
mike.grigsby,2001-11,192,182,198,4
mike.grigsby,2001-12,200,190,206,11
mike.grigsby,2001-12,198,192,208,2
mike.grigsby,2001-12,202,,,1
mike.grigsby,2002-01,206,200,214,7
mike.grigsby,2002-01,208,198,,5
mike.grigsby,2002-02,214,206,,1
mike.grigsby,2002-02,220,,,1
mike.grigsby,2002-02,216,,,1
mike.mcconnell,2000-03,2,,9,1
mike.mcconnell,2000-04,9,2,20,1
mike.mcconnell,2000-05,20,9,27,1
mike.mcconnell,2000-06,27,20,38,3
mike.mcconnell,2000-07,38,27,48,3
mike.mcconnell,2000-07,36,,,1
mike.mcconnell,2000-08,47,,,1
mike.mcconnell,2000-08,48,38,,1
mike.mcconnell,2000-08,44,,54,3
mike.mcconnell,2000-09,54,44,62,5
mike.mcconnell,2000-10,68,,72,1
mike.mcconnell,2000-10,62,54,72,4
mike.mcconnell,2000-10,67,,,1
mike.mcconnell,2000-11,72,62|68,88,6
mike.mcconnell,2000-11,76,,,1
mike.mcconnell,2000-12,88,72,94,10
mike.mcconnell,2000-12,82,,94,1
mike.mcconnell,2001-01,94,82|88,105,3
mike.mcconnell,2001-02,107,,,1
mike.mcconnell,2001-02,105,94,120,5
mike.mcconnell,2001-03,120,105,126,1
mike.mcconnell,2001-04,126,120,133,10
mike.mcconnell,2001-05,136,,,1
mike.mcconnell,2001-05,133,126,143,10
mike.mcconnell,2001-06,146,,,2
mike.mcconnell,2001-06,143,133,,1
mike.mcconnell,2001-08,161,,,1
mike.mcconnell,2001-08,166,,171,2
mike.mcconnell,2001-09,171,166,182,2
mike.mcconnell,2001-09,172,,183,1
mike.mcconnell,2001-10,183,172,,1
mike.mcconnell,2001-10,184,,,1
mike.mcconnell,2001-10,182,171,192,11
mike.mcconnell,2001-11,192,182,,3
mike.mcconnell,2001-12,205,,,1
mike.swerzbin,2000-03,0,,,1
mike.swerzbin,2000-06,29,,,1
mike.swerzbin,2000-06,33,,,1
mike.swerzbin,2000-09,57,,67,2
mike.swerzbin,2000-10,62,,,1
mike.swerzbin,2000-10,67,57,,1
mike.swerzbin,2000-11,70,,,1
mike.swerzbin,2001-01,92,,103,1
mike.swerzbin,2001-02,103,92,113,1
mike.swerzbin,2001-03,113,103,123,2
mike.swerzbin,2001-04,123,113,,1
mike.swerzbin,2001-05,132,,,2
mike.swerzbin,2001-06,145,,151,1
mike.swerzbin,2001-06,141,,,1
mike.swerzbin,2001-07,152,,,3
mike.swerzbin,2001-07,151,145,164,2
mike.swerzbin,2001-08,161,,,2
mike.swerzbin,2001-08,164,151,177,1
mike.swerzbin,2001-09,171,,,1
mike.swerzbin,2001-09,177,164,186,1
mike.swerzbin,2001-09,169,,180,1
mike.swerzbin,2001-10,186,177,,1
mike.swerzbin,2001-10,180,169,,2
mike.swerzbin,2001-11,192,,198,2
mike.swerzbin,2001-12,198,192,,1
mike.swerzbin,2002-01,206,,214,2
mike.swerzbin,2002-02,214,206,,1
mike.swerzbin,2002-02,216,,,1
monique.sanchez,2000-03,3,,10,1
monique.sanchez,2000-04,10,3,,1
monique.sanchez,2000-06,32,,40,1
monique.sanchez,2000-06,30,,,1
monique.sanchez,2000-07,40,32,,1
monique.sanchez,2000-08,45,,52,1
monique.sanchez,2000-09,51,,63,1
monique.sanchez,2000-09,52,45,64,1
monique.sanchez,2000-10,64,52,74,1
monique.sanchez,2000-10,63,51,73,1
monique.sanchez,2000-11,74,64,84,1
monique.sanchez,2000-11,73,63,83,1
monique.sanchez,2000-12,83,73,95,1
monique.sanchez,2000-12,84,74,,1
monique.sanchez,2001-01,101,,,1
monique.sanchez,2001-01,95,83,106,18
monique.sanchez,2001-02,106,95,116,2
monique.sanchez,2001-03,116,106,125,2
monique.sanchez,2001-03,117,,127,1
monique.sanchez,2001-04,127,117,,1
monique.sanchez,2001-04,125,116,137|132,4
monique.sanchez,2001-04,123,,,1
monique.sanchez,2001-05,139,,,1
monique.sanchez,2001-05,132,125,,2
monique.sanchez,2001-05,137,125,141,2
monique.sanchez,2001-06,141,137,,3
monique.sanchez,2001-07,153,,167|161,2
monique.sanchez,2001-08,161,153,,2
monique.sanchez,2001-08,167,153,169,1
monique.sanchez,2001-09,175,,180,1
monique.sanchez,2001-09,169,167,180,3
monique.sanchez,2001-10,185,,,1
monique.sanchez,2001-10,184,,,1
monique.sanchez,2001-10,181,,,3
monique.sanchez,2001-10,180,169|175,,11
phillip.love,2000-03,3,,12,1
phillip.love,2000-04,12,3,,1
phillip.love,2000-05,23,,31,3
phillip.love,2000-06,31,23,40,4
phillip.love,2000-07,40,31,43,4
phillip.love,2000-07,36,,43,1
phillip.love,2000-08,47,,,5
phillip.love,2000-08,43,36|40,51,2
phillip.love,2000-09,51,43,63,3
phillip.love,2000-10,63,51,73,6
phillip.love,2000-11,73,63,83,4
phillip.love,2000-11,76,,,1
phillip.love,2000-12,83,73,95,1
phillip.love,2000-12,90,,95,2
phillip.love,2001-01,100,,,1
phillip.love,2001-01,101,,104,1
phillip.love,2001-01,95,83|90,106,7
phillip.love,2001-02,104,101,116,3
phillip.love,2001-02,106,95,116,1
phillip.love,2001-03,116,104|106,125,10
phillip.love,2001-03,115,,,1
phillip.love,2001-04,124,,132,1
phillip.love,2001-04,125,116,132,7
phillip.love,2001-05,132,124|125,,1
randall.gay,2000-03,4,,13,3
randall.gay,2000-04,13,4,,2
randall.gay,2000-05,19,,31,2
randall.gay,2000-06,31,19,40,2
randall.gay,2000-07,40,31,43,2
randall.gay,2000-08,47,,,1
randall.gay,2000-08,43,40,51,2
randall.gay,2000-09,51,43,63,2
randall.gay,2000-10,63,51,73,5
randall.gay,2000-10,67,,,1
randall.gay,2000-11,71,,,1
randall.gay,2000-11,73,63,83,4
randall.gay,2000-12,83,73,95,2
randall.gay,2001-01,94,,,1
randall.gay,2001-01,95,83,106,2
randall.gay,2001-02,106,95,116,2
randall.gay,2001-03,116,106,125,2
randall.gay,2001-04,125,116,132,2
randall.gay,2001-05,132,125,,1
richard.sanders,2000-03,5,,,2
richard.sanders,2000-03,0,,7,1
richard.sanders,2000-03,6,,,1
richard.sanders,2000-03,2,,,1
richard.sanders,2000-04,7,0,,1
richard.sanders,2000-05,22,,34,2
richard.sanders,2000-06,34,22,38|42,3
richard.sanders,2000-06,29,,38|42,1
richard.sanders,2000-06,33,,39,1
richard.sanders,2000-07,38,29|34,48,2
richard.sanders,2000-07,37,,44,1
richard.sanders,2000-07,39,33,44,2
richard.sanders,2000-07,42,29|34,48,4
richard.sanders,2000-08,44,37|39,,1
richard.sanders,2000-08,48,38|42,57,6
richard.sanders,2000-09,55,,68|67,4
richard.sanders,2000-09,57,48,67,1
richard.sanders,2000-09,52,,68,2
richard.sanders,2000-10,68,52|55,77|72,9
richard.sanders,2000-10,62,,72,5
richard.sanders,2000-10,67,55|57,77,3
richard.sanders,2000-10,61,,,1
richard.sanders,2000-11,72,62|68,,3
richard.sanders,2000-11,77,67|68,89,6
richard.sanders,2000-12,89,77,99|100,8
richard.sanders,2000-12,82,,99,2
richard.sanders,2001-01,99,82|89,109|105,7
richard.sanders,2001-01,100,89,109,2
richard.sanders,2001-02,109,99|100,119,5
richard.sanders,2001-02,105,99,120|115,2
richard.sanders,2001-03,120,105,126,3
richard.sanders,2001-03,119,109,129,6
richard.sanders,2001-03,115,105,126,1
richard.sanders,2001-04,127,,,1
richard.sanders,2001-04,129,119,134,2
richard.sanders,2001-04,126,115|120,133,10
richard.sanders,2001-05,134,129,149,2
richard.sanders,2001-05,133,126,143,8
richard.sanders,2001-06,143,133,152,2
richard.sanders,2001-06,149,134,,1
richard.sanders,2001-07,153,,,1
richard.sanders,2001-07,152,143,,7
richard.sanders,2001-07,151,,,1
richard.shapiro,2000-03,2,,,2
richard.shapiro,2000-04,10,,18,3
richard.shapiro,2000-05,20,,27,1
richard.shapiro,2000-05,17,,27,1
richard.shapiro,2000-05,18,10,33,2
richard.shapiro,2000-06,33,18,39,5
richard.shapiro,2000-06,27,17|20,37,1
richard.shapiro,2000-07,37,27,44,2
richard.shapiro,2000-07,39,33,44,4
richard.shapiro,2000-07,42,,,1
richard.shapiro,2000-08,44,37|39,,5
richard.shapiro,2000-09,52,,68|64,4
richard.shapiro,2000-10,64,52,,1
richard.shapiro,2000-10,68,52,72,4
richard.shapiro,2000-10,62,,72,1
richard.shapiro,2000-11,72,62|68,88,3
richard.shapiro,2000-12,88,72,94,3
richard.shapiro,2000-12,82,,94|99,4
richard.shapiro,2001-01,99,82,105,3
richard.shapiro,2001-01,94,82|88,105,1
richard.shapiro,2001-02,107,,117,1
richard.shapiro,2001-02,105,94|99,120,4
richard.shapiro,2001-03,120,105,126,4
richard.shapiro,2001-03,119,,,1
richard.shapiro,2001-03,117,107,127,1
richard.shapiro,2001-04,127,117,,1
richard.shapiro,2001-04,126,120,133,8
richard.shapiro,2001-05,132,,,1
richard.shapiro,2001-05,133,126,143,10
richard.shapiro,2001-06,143,133,152,3
richard.shapiro,2001-07,152,143,166,9
richard.shapiro,2001-07,155,,,1
richard.shapiro,2001-08,161,,,1
richard.shapiro,2001-08,166,152,171,3
richard.shapiro,2001-09,171,166,182,8
richard.shapiro,2001-10,182,171,192,8
richard.shapiro,2001-11,190,,,1
richard.shapiro,2001-11,192,182,,6
richard.shapiro,2001-12,202,,,1
richard.shapiro,2002-01,212,,,1
rick.buy,2000-03,6,,,1
rick.buy,2000-03,2,,,2
rick.buy,2000-04,10,,,1
rick.buy,2000-04,12,,,1
rick.buy,2000-05,20,,27,1
rick.buy,2000-05,17,,27,2
rick.buy,2000-06,27,17|20,37,2
rick.buy,2000-07,37,27,44,2
rick.buy,2000-08,44,37,54,3
rick.buy,2000-09,54,44,62,3
rick.buy,2000-10,62,54,72,5
rick.buy,2000-11,72,62,88,4
rick.buy,2000-12,88,72,94,5
rick.buy,2001-01,94,88,105,7
rick.buy,2001-02,105,94,120,2
rick.buy,2001-03,120,105,126,3
rick.buy,2001-03,117,,,1
rick.buy,2001-04,126,120,133,6
rick.buy,2001-05,132,,,1
rick.buy,2001-05,133,126,,6
rick.buy,2001-06,146,,,1
rick.buy,2001-07,157,,,2
rick.buy,2001-07,152,,166,2
rick.buy,2001-08,163,,,1
rick.buy,2001-08,161,,,1
rick.buy,2001-08,166,152,171,4
rick.buy,2001-09,171,166,182,2
rick.buy,2001-10,184,,,2
rick.buy,2001-10,182,171,192,6
rick.buy,2001-11,192,182,198,5
rick.buy,2001-12,205,,208,1
rick.buy,2001-12,198,192,208,1
rick.buy,2002-01,208,198|205,,2
rod.hayslett,2000-03,3,,10,1
rod.hayslett,2000-04,10,3,18,3
rod.hayslett,2000-05,21,,,1
rod.hayslett,2000-05,18,10,,2
rod.hayslett,2000-06,30,,39,2
rod.hayslett,2000-06,29,,,1
rod.hayslett,2000-07,39,30,45,1
rod.hayslett,2000-08,45,39,,2
rod.hayslett,2000-10,64,,74,3
rod.hayslett,2000-11,74,64,84,3
rod.hayslett,2000-12,84,74,,4
rod.hayslett,2001-01,95,,,1
rod.hayslett,2001-02,107,,117,3
rod.hayslett,2001-03,117,107,127,3
rod.hayslett,2001-04,127,117,136,1
rod.hayslett,2001-04,126,,133,3
rod.hayslett,2001-05,136,127,144,1
rod.hayslett,2001-05,133,126,,2
rod.hayslett,2001-06,144,136,154,2
rod.hayslett,2001-07,154,144,163,6
rod.hayslett,2001-08,163,154,172,4
rod.hayslett,2001-08,161,,,1
rod.hayslett,2001-09,171,,182,1
rod.hayslett,2001-09,172,163,183,4
rod.hayslett,2001-10,183,172,193,6
rod.hayslett,2001-10,184,,,1
rod.hayslett,2001-10,182,171,192,2
rod.hayslett,2001-11,192,182,,2
rod.hayslett,2001-11,193,183,203,8
rod.hayslett,2001-12,203,193,209,8
rod.hayslett,2002-01,209,203,217,1
rod.hayslett,2002-02,217,209,,5
ryan.slinger,2000-11,70,,,1
ryan.slinger,2001-02,103,,113,1
ryan.slinger,2001-03,113,103,123,1
ryan.slinger,2001-04,123,113,140,1
ryan.slinger,2001-05,140,123,145,1
ryan.slinger,2001-06,145,140,151,1
ryan.slinger,2001-07,151,145,164,1
ryan.slinger,2001-08,164,151,177,1
ryan.slinger,2001-09,177,164,186,2
ryan.slinger,2001-10,186,177,196,5
ryan.slinger,2001-11,196,186,199,2
ryan.slinger,2001-12,199,196,207,2
ryan.slinger,2002-01,207,199,214,5
ryan.slinger,2002-02,214,207,,2
sally.beck,2000-03,6,,9,2
sally.beck,2000-03,2,,9,1
sally.beck,2000-04,9,2|6,20,2
sally.beck,2000-05,21,,27,2
sally.beck,2000-05,20,9,27,1
sally.beck,2000-05,17,,27,1
sally.beck,2000-06,33,,,1
sally.beck,2000-06,27,17|20|21,37,6
sally.beck,2000-07,37,27,44,3
sally.beck,2000-08,44,37,54,4
sally.beck,2000-08,43,,,1
sally.beck,2000-08,48,,57,1
sally.beck,2000-08,47,,,7
sally.beck,2000-09,54,44,62,2
sally.beck,2000-09,57,48,,1
sally.beck,2000-10,62,54,72,5
sally.beck,2000-11,72,62,88,8
sally.beck,2000-11,76,,,1
sally.beck,2000-12,88,72,94,9
sally.beck,2000-12,90,,95,1
sally.beck,2001-01,95,90,,3
sally.beck,2001-01,94,88,105,7
sally.beck,2001-01,100,,,2
sally.beck,2001-02,104,,,3
sally.beck,2001-02,105,94,120|115,4
sally.beck,2001-03,120,105,126,1
sally.beck,2001-03,115,105,126,3
sally.beck,2001-04,126,115|120,,5
sally.beck,2001-05,132,,,1
sally.beck,2001-05,138,,143,1
sally.beck,2001-06,143,138,152,2
sally.beck,2001-06,148,,,1
sally.beck,2001-07,152,143,166,2
sally.beck,2001-08,161,,,2
sally.beck,2001-08,166,152,171,4
sally.beck,2001-09,171,166,182,3
sally.beck,2001-09,174,,184,1
sally.beck,2001-10,183,,193,2
sally.beck,2001-10,184,174,,18
sally.beck,2001-10,181,,,9
sally.beck,2001-10,182,171,192,10
sally.beck,2001-10,180,,190,7
sally.beck,2001-11,190,180,,1
sally.beck,2001-11,192,182,198,8
sally.beck,2001-11,193,183,,1
sally.beck,2001-12,198,192,208,3
sally.beck,2002-01,210,,216,1
sally.beck,2002-01,208,198,,6
sally.beck,2002-02,220,,,1
sally.beck,2002-02,216,210,,2
sara.shackleton,2000-03,5,,,1
sara.shackleton,2000-03,0,,7,3
sara.shackleton,2000-04,7,0,16,4
sara.shackleton,2000-05,16,7,29,3
sara.shackleton,2000-06,29,16,38,5
sara.shackleton,2000-07,38,29,48,2
sara.shackleton,2000-08,48,38,57,4
sara.shackleton,2000-09,57,48,67,5
sara.shackleton,2000-10,68,,77,1
sara.shackleton,2000-10,67,57,77,4
sara.shackleton,2000-11,77,67|68,89,4
sara.shackleton,2000-12,89,77,100,6
sara.shackleton,2001-01,94,,,1
sara.shackleton,2001-01,100,89,109,4
sara.shackleton,2001-02,109,100,119,6
sara.shackleton,2001-03,119,109,129,8
sara.shackleton,2001-04,129,119,134,8
sara.shackleton,2001-05,134,129,149,5
sara.shackleton,2001-06,149,134,,1
sara.shackleton,2001-06,148,,157,6
sara.shackleton,2001-07,157,148,165,1
sara.shackleton,2001-08,165,157,176,3
sara.shackleton,2001-09,176,165,185,3
sara.shackleton,2001-10,185,176,195,4
sara.shackleton,2001-11,192,,,1
sara.shackleton,2001-11,195,185,202,4
sara.shackleton,2001-12,202,195,210,2
sara.shackleton,2002-01,210,202,216,3
sara.shackleton,2002-02,216,210,,2
scott.hendrickson,2000-03,1,,8,1
scott.hendrickson,2000-04,8,1,15,1
scott.hendrickson,2000-05,15,8,26,1
scott.hendrickson,2000-06,26,15,36,2
scott.hendrickson,2000-07,36,26,43,1
scott.hendrickson,2000-08,43,36,,2
scott.hendrickson,2000-09,50,,61,1
scott.hendrickson,2000-10,61,50,71,2
scott.hendrickson,2000-11,71,61,81,1
scott.hendrickson,2000-12,81,71,93,2
scott.hendrickson,2001-01,93,81,104,1
scott.hendrickson,2001-02,104,93,114,1
scott.hendrickson,2001-03,114,104,124,1
scott.hendrickson,2001-04,124,114,132,2
scott.hendrickson,2001-05,139,,142,1
scott.hendrickson,2001-05,132,124,,2
scott.hendrickson,2001-05,134,,,1
scott.hendrickson,2001-06,142,139,,3
scott.hendrickson,2001-10,184,,,1
scott.neal,2000-03,1,,8,2
scott.neal,2000-04,8,1,,1
scott.neal,2000-05,20,,27,1
scott.neal,2000-06,26,,36,3
scott.neal,2000-06,33,,,1
scott.neal,2000-06,27,20,38|37,1
scott.neal,2000-07,38,27,48,1
scott.neal,2000-07,36,26,43,5
scott.neal,2000-07,37,27,44,1
scott.neal,2000-08,44,37,,5
scott.neal,2000-08,43,36,51,14
scott.neal,2000-08,48,38,57,1
scott.neal,2000-08,47,,,2
scott.neal,2000-09,57,48,,7
scott.neal,2000-09,51,43,63,1
scott.neal,2000-09,50,,62|61,1
scott.neal,2000-10,63,51,73,1
scott.neal,2000-10,62,50,72,5
scott.neal,2000-10,61,50,71,10
scott.neal,2000-11,76,,,2
scott.neal,2000-11,72,62,88,1
scott.neal,2000-11,71,61,,1
scott.neal,2000-11,73,63,,1
scott.neal,2000-12,88,72,94,1
scott.neal,2001-01,94,88,,4
scott.neal,2001-01,101,,104,7
scott.neal,2001-01,95,,106,1
scott.neal,2001-02,104,101,114,7
scott.neal,2001-02,106,95,,1
scott.neal,2001-03,115,,126,2
scott.neal,2001-03,114,104,124,5
scott.neal,2001-04,124,114,132,11
scott.neal,2001-04,125,,132,1
scott.neal,2001-04,126,115,133,2
scott.neal,2001-05,134,,149,3
scott.neal,2001-05,132,124|125,,3
scott.neal,2001-05,133,126,,1
scott.neal,2001-05,138,,,1
scott.neal,2001-06,149,134,,1
scott.neal,2001-06,142,,,3
scott.neal,2001-07,152,,,1
scott.neal,2001-08,161,,,2
scott.neal,2001-08,167,,169,1
scott.neal,2001-09,171,,182,1
scott.neal,2001-09,169,167,180,1
scott.neal,2001-09,170,,181,1
scott.neal,2001-10,184,,,1
scott.neal,2001-10,182,171,192,1
scott.neal,2001-10,181,170,191,2
scott.neal,2001-10,180,169,190,3
scott.neal,2001-11,190,180,,1
scott.neal,2001-11,192,182,198,4
scott.neal,2001-11,191,181,,2
scott.neal,2001-12,198,192,208,3
scott.neal,2002-01,211,,220,1
scott.neal,2002-01,206,,214,1
scott.neal,2002-01,210,,216,1
scott.neal,2002-01,208,198,,7
scott.neal,2002-02,214,206,,1
scott.neal,2002-02,220,211,,3
scott.neal,2002-02,216,210,,1
shelley.corman,2000-03,2,,,1
shelley.corman,2000-03,3,,10,7
shelley.corman,2000-04,10,3,18,11
shelley.corman,2000-05,21,,,1
shelley.corman,2000-05,18,10,33,10
shelley.corman,2000-06,30,,39,2
shelley.corman,2000-06,33,18,39,3
shelley.corman,2000-07,39,30|33,44|45,12
shelley.corman,2000-08,44,39,,1
shelley.corman,2000-08,45,39,52,12
shelley.corman,2000-09,52,45,68|64,4
shelley.corman,2000-10,64,52,74,8
shelley.corman,2000-10,68,52,72,3
shelley.corman,2000-11,72,68,,2
shelley.corman,2000-11,74,64,84,8
shelley.corman,2000-12,89,,99,1
shelley.corman,2000-12,82,,94|99,2
shelley.corman,2000-12,84,74,96,6
shelley.corman,2001-01,99,82|89,105,3
shelley.corman,2001-01,94,82,105,1
shelley.corman,2001-01,96,84,107,1
shelley.corman,2001-02,107,96,117,7
shelley.corman,2001-02,105,94|99,120|115,3
shelley.corman,2001-03,120,105,126,5
shelley.corman,2001-03,115,105,126,1
shelley.corman,2001-03,117,107,127,8
shelley.corman,2001-04,127,117,136,4
shelley.corman,2001-04,126,115|120,133,3
shelley.corman,2001-05,136,127,144,2
shelley.corman,2001-05,133,126,143,2
shelley.corman,2001-06,143,133,152,1
shelley.corman,2001-06,144,136,154,1
shelley.corman,2001-06,148,,,1
shelley.corman,2001-07,154,144,163,4
shelley.corman,2001-07,152,143,166,1
shelley.corman,2001-08,163,154,172,4
shelley.corman,2001-08,166,152,,1
shelley.corman,2001-09,172,163,183,5
shelley.corman,2001-10,183,172,193,10
shelley.corman,2001-10,182,,,1
shelley.corman,2001-11,193,183,203,11
shelley.corman,2001-12,203,193,209,7
shelley.corman,2002-01,209,203,217,5
shelley.corman,2002-02,217,209,,6
stacy.dickson,2000-03,0,,7,1
stacy.dickson,2000-04,8,,16,1
stacy.dickson,2000-04,7,0,16,1
stacy.dickson,2000-05,16,7|8,29,2
stacy.dickson,2000-06,29,16,38|42,2
stacy.dickson,2000-07,38,29,48,1
stacy.dickson,2000-07,42,29,48,2
stacy.dickson,2000-08,48,38|42,57,4
stacy.dickson,2000-09,57,48,67,3
stacy.dickson,2000-10,67,57,77,3
stacy.dickson,2000-10,61,,,1
stacy.dickson,2000-11,77,67,89,4
stacy.dickson,2000-12,89,77,100,3
stacy.dickson,2001-01,100,89,109,1
stacy.dickson,2001-02,109,100,119,5
stacy.dickson,2001-03,119,109,129,5
stacy.dickson,2001-03,114,,124,1
stacy.dickson,2001-04,124,114,,1
stacy.dickson,2001-04,129,119,134,6
stacy.dickson,2001-05,134,129,149,4
stacy.dickson,2001-06,149,134,,3
stacy.dickson,2001-06,148,,,1
stanley.horton,2000-03,3,,10,1
stanley.horton,2000-04,10,3,18,2
stanley.horton,2000-05,18,10,33,1
stanley.horton,2000-06,33,18,39,1
stanley.horton,2000-07,39,33,44|45,1
stanley.horton,2000-08,44,39,,1
stanley.horton,2000-08,45,39,52,2
stanley.horton,2000-09,52,45,64,1
stanley.horton,2000-10,64,52,74,1
stanley.horton,2000-10,62,,72,1
stanley.horton,2000-11,72,62,,3
stanley.horton,2000-11,74,64,84,4
stanley.horton,2000-12,84,74,,4
stanley.horton,2001-03,115,,126,4
stanley.horton,2001-03,114,,,1
stanley.horton,2001-03,117,,127,1
stanley.horton,2001-04,127,117,136,1
stanley.horton,2001-04,128,,,1
stanley.horton,2001-04,126,115,133,6
stanley.horton,2001-05,134,,,1
stanley.horton,2001-05,132,,,1
stanley.horton,2001-05,136,127,144,6
stanley.horton,2001-05,133,126,,3
stanley.horton,2001-06,144,136,154,3
stanley.horton,2001-07,154,144,163,2
stanley.horton,2001-07,152,,166,1
stanley.horton,2001-08,163,154,172,4
stanley.horton,2001-08,161,,,1
stanley.horton,2001-08,166,152,171,3
stanley.horton,2001-09,171,166,182,3
stanley.horton,2001-09,172,163,183,2
stanley.horton,2001-10,183,172,193,4
stanley.horton,2001-10,184,,,1
stanley.horton,2001-10,182,171,192,6
stanley.horton,2001-11,192,182,,4
stanley.horton,2001-11,193,183,203,4
stanley.horton,2001-12,203,193,209,5
stanley.horton,2001-12,205,,208,1
stanley.horton,2002-01,209,203,217,1
stanley.horton,2002-01,208,205,,1
stanley.horton,2002-02,219,,,1
stanley.horton,2002-02,217,209,,2
stephanie.panus,2000-08,48,,57,3
stephanie.panus,2000-09,57,48,67,4
stephanie.panus,2000-10,67,57,77,5
stephanie.panus,2000-11,77,67,89,4
stephanie.panus,2000-12,89,77,100,4
stephanie.panus,2001-01,100,89,109,3
stephanie.panus,2001-02,109,100,119,4
stephanie.panus,2001-03,119,109,129,6
stephanie.panus,2001-04,129,119,134,5
stephanie.panus,2001-05,134,129,149,5
stephanie.panus,2001-06,149,134,,1
stephanie.panus,2001-06,148,,157,5
stephanie.panus,2001-07,157,148,165,1
stephanie.panus,2001-08,165,157,176,2
stephanie.panus,2001-09,176,165,185,3
stephanie.panus,2001-10,185,176,195,3
stephanie.panus,2001-11,195,185,202,3
stephanie.panus,2001-12,199,,207,1
stephanie.panus,2001-12,198,,,1
stephanie.panus,2001-12,202,195,210,5
stephanie.panus,2002-01,211,,218,1
stephanie.panus,2002-01,207,199,,1
stephanie.panus,2002-01,210,202,216,5
stephanie.panus,2002-02,218,211,,2
stephanie.panus,2002-02,216,210,,5
steven.kean,2000-03,2,,,5
steven.kean,2000-03,3,,12|10,1
steven.kean,2000-04,10,3,18,3
steven.kean,2000-04,12,3,,1
steven.kean,2000-05,20,,,1
steven.kean,2000-05,18,10,33,3
steven.kean,2000-06,34,,,1
steven.kean,2000-06,33,18,39,4
steven.kean,2000-07,39,33,44|45,4
steven.kean,2000-08,44,39,54,7
steven.kean,2000-08,48,,,1
steven.kean,2000-08,45,39,52,1
steven.kean,2000-09,54,44,62,1
steven.kean,2000-09,52,45,68|64,5
steven.kean,2000-10,64,52,74,1
steven.kean,2000-10,68,52,77|72,5
steven.kean,2000-10,62,54,72,4
steven.kean,2000-11,74,64,84,2
steven.kean,2000-11,72,62|68,88,10
steven.kean,2000-11,77,68,89,1
steven.kean,2000-11,76,,,1
steven.kean,2000-12,89,77,99,2
steven.kean,2000-12,88,72,94,1
steven.kean,2000-12,82,,94|99,5
steven.kean,2000-12,84,74,,1
steven.kean,2001-01,99,82|89,105,4
steven.kean,2001-01,94,82|88,105,8
steven.kean,2001-01,101,,,1
steven.kean,2001-01,95,,,1
steven.kean,2001-02,107,,117,1
steven.kean,2001-02,105,94|99,120,6
steven.kean,2001-03,120,105,126,5
steven.kean,2001-03,119,,,1
steven.kean,2001-03,117,107,127,1
steven.kean,2001-04,127,117,136,2
steven.kean,2001-04,126,120,133,14
steven.kean,2001-05,132,,,1
steven.kean,2001-05,136,127,,1
steven.kean,2001-05,133,126,143,8
steven.kean,2001-05,137,,,1
steven.kean,2001-06,143,133,152,8
steven.kean,2001-07,152,143,,10
susan.scott,2000-03,3,,12|10,8
susan.scott,2000-04,10,3,18,7
susan.scott,2000-04,12,3,,1
susan.scott,2000-05,22,,30,1
susan.scott,2000-05,18,10,33,5
susan.scott,2000-06,32,,,1
susan.scott,2000-06,30,22,39,5
susan.scott,2000-06,33,18,39,1
susan.scott,2000-07,39,30|33,45,6
susan.scott,2000-08,47,,,1
susan.scott,2000-08,48,,,1
susan.scott,2000-08,45,39,52,7
susan.scott,2000-09,51,,63,1
susan.scott,2000-09,55,,68,1
susan.scott,2000-09,52,45,68|64,8
susan.scott,2000-10,64,52,74,7
susan.scott,2000-10,63,51,73,1
susan.scott,2000-10,68,52|55,72,1
susan.scott,2000-11,76,,,1
susan.scott,2000-11,72,68,,1
susan.scott,2000-11,74,64,84,8
susan.scott,2000-11,73,63,83,3
susan.scott,2000-12,83,73,95,2
susan.scott,2000-12,82,,99,1
susan.scott,2000-12,90,,95,1
susan.scott,2000-12,84,74,96,5
susan.scott,2001-01,99,82,105,1
susan.scott,2001-01,96,84,107,2
susan.scott,2001-01,95,83|90,106,5
susan.scott,2001-02,106,95,116,2
susan.scott,2001-02,104,,116,2
susan.scott,2001-02,107,96,117,4
susan.scott,2001-02,105,99,120,1
susan.scott,2001-03,120,105,126,1
susan.scott,2001-03,116,104|106,125,3
susan.scott,2001-03,117,107,127,4
susan.scott,2001-04,127,117,,8
susan.scott,2001-04,125,116,137,4
susan.scott,2001-04,129,,,1
susan.scott,2001-04,126,120,133,1
susan.scott,2001-05,133,126,143,2
susan.scott,2001-05,137,125,141,3
susan.scott,2001-06,143,133,152,1
susan.scott,2001-06,141,137,155,7
susan.scott,2001-07,153,,167,1
susan.scott,2001-07,152,143,,3
susan.scott,2001-07,155,141,162,9
susan.scott,2001-08,162,155,,10
susan.scott,2001-08,167,153,,1
tana.jones,2000-03,5,,9,2
tana.jones,2000-03,0,,7,8
tana.jones,2000-03,2,,9,1
tana.jones,2000-04,8,,16,1
tana.jones,2000-04,9,2|5,,1
tana.jones,2000-04,7,0,16,5
tana.jones,2000-05,21,,27,1
tana.jones,2000-05,16,7|8,29,6
tana.jones,2000-06,30,,,1
tana.jones,2000-06,29,16,38|42,6
tana.jones,2000-06,33,,,2
tana.jones,2000-06,27,21,38,1
tana.jones,2000-07,38,27|29,48,8
tana.jones,2000-07,42,29,48,2
tana.jones,2000-08,48,38|42,57,12
tana.jones,2000-09,54,,62,2
tana.jones,2000-09,57,48,67,10
tana.jones,2000-10,62,54,72,3
tana.jones,2000-10,67,57,77,11
tana.jones,2000-11,74,,,1
tana.jones,2000-11,72,62,88,3
tana.jones,2000-11,77,67,89,7
tana.jones,2000-12,89,77,99|100,7
tana.jones,2000-12,88,72,,2
tana.jones,2001-01,99,89,109|105,2
tana.jones,2001-01,95,,,1
tana.jones,2001-01,96,,109,1
tana.jones,2001-01,100,89,109,7
tana.jones,2001-02,109,96|99|100,119,9
tana.jones,2001-02,105,99,115,1
tana.jones,2001-03,116,,,1
tana.jones,2001-03,119,109,129,8
tana.jones,2001-03,115,105,126,1
tana.jones,2001-04,130,,139,1
tana.jones,2001-04,129,119,134,6
tana.jones,2001-04,126,115,,1
tana.jones,2001-05,134,129,149,6
tana.jones,2001-05,139,130,,1
tana.jones,2001-06,149,134,,1
tana.jones,2001-06,148,,157,5
tana.jones,2001-07,157,148,165,1
tana.jones,2001-08,165,157,176,2
tana.jones,2001-09,176,165,185|181,4
tana.jones,2001-10,185,176,195,4
tana.jones,2001-10,181,176,191,1
tana.jones,2001-11,191,181,201,1
tana.jones,2001-11,195,185,202,4
tana.jones,2001-12,201,191,,1
tana.jones,2001-12,202,195,210,2
tana.jones,2002-01,210,202,216,1
tana.jones,2002-02,214,,,1
tana.jones,2002-02,216,210,,3
tori.kuykendall,2000-03,0,,,2
tori.kuykendall,2000-06,31,,40,2
tori.kuykendall,2000-07,40,31,43,2
tori.kuykendall,2000-08,43,40,51,3
tori.kuykendall,2000-09,51,43,63,4
tori.kuykendall,2000-10,63,51,73,3
tori.kuykendall,2000-11,73,63,83,4
tori.kuykendall,2000-12,83,73,95,5
tori.kuykendall,2001-01,100,,,1
tori.kuykendall,2001-01,95,83,106,4
tori.kuykendall,2001-02,106,95,116,2
tori.kuykendall,2001-03,116,106,125,4
tori.kuykendall,2001-04,127,,,1
tori.kuykendall,2001-04,125,116,137|132,9
tori.kuykendall,2001-04,129,,,1
tori.kuykendall,2001-05,132,125,,1
tori.kuykendall,2001-05,137,125,141,1
tori.kuykendall,2001-06,141,137,,1
tori.kuykendall,2001-07,153,,167,1
tori.kuykendall,2001-08,167,153,169,2
tori.kuykendall,2001-09,169,167,180,3
tori.kuykendall,2001-10,180,169,190,5
tori.kuykendall,2001-11,190,180,200,4
tori.kuykendall,2001-12,201,,,1
tori.kuykendall,2001-12,200,190,,6
tori.kuykendall,2001-12,202,,,1
vince.kaminski,2000-03,2,,9,5
vince.kaminski,2000-04,9,2,20,1
vince.kaminski,2000-04,12,,,3
vince.kaminski,2000-05,20,9,27,4
vince.kaminski,2000-05,17,,27,1
vince.kaminski,2000-06,27,17|20,38|37,6
vince.kaminski,2000-07,38,27,,1
vince.kaminski,2000-07,37,27,44,6
vince.kaminski,2000-08,44,37,54,5
vince.kaminski,2000-08,45,,52,1
vince.kaminski,2000-09,54,44,62,3
vince.kaminski,2000-09,52,45,,2
vince.kaminski,2000-10,62,54,72,3
vince.kaminski,2000-11,80,,88,1
vince.kaminski,2000-11,72,62,88,9
vince.kaminski,2000-11,76,,,1
vince.kaminski,2000-12,88,72|80,94,8
vince.kaminski,2001-01,94,88,,9
vince.kaminski,2001-01,98,,,1
vince.kaminski,2001-01,100,,,1
vince.kaminski,2001-02,112,,120,1
vince.kaminski,2001-03,120,112,126,4
vince.kaminski,2001-04,126,120,133,6
vince.kaminski,2001-05,136,,,2
vince.kaminski,2001-05,133,126,143,2
vince.kaminski,2001-06,143,133,152,1
vince.kaminski,2001-07,152,143,,2
