name,size,date
wework.com,101,2015-01
wework.com,110,2015-02
wework.com,115,2015-03
wework.com,113,2015-04
wework.com,117,2015-05
wework.com,115,2015-06
wework.com,119,2015-07
wework.com,118,2015-08
wework.com,118,2015-09
wework.com,118,2015-10
wework.com,130,2015-11
wework.com,126,2015-12
wework.com,114,2016-01
wework.com,92,2016-02
wework.com,92,2016-03
wework.com,95,2016-04
wework.com,99,2016-05
wework.com,94,2016-06
wework.com,94,2016-07
wework.com,67,2016-08
people.cn,13,2015-01
people.cn,12,2015-02
people.cn,12,2015-03
people.cn,12,2015-04
people.cn,10,2015-05
people.cn,10,2015-06
people.cn,10,2015-07
people.cn,10,2015-08
people.cn,10,2015-09
people.cn,12,2015-10
people.cn,12,2015-11
people.cn,12,2015-12
people.cn,10,2016-01
people.cn,10,2016-02
people.cn,10,2016-03
people.cn,10,2016-04
people.cn,10,2016-05
people.cn,12,2016-06
people.cn,10,2016-07
people.cn,9,2016-08
jiuxian.com,14,2015-01
jiuxian.com,15,2015-02
jiuxian.com,16,2015-03
jiuxian.com,15,2015-04
jiuxian.com,15,2015-05
jiuxian.com,15,2015-06
jiuxian.com,15,2015-07
jiuxian.com,13,2015-08
jiuxian.com,12,2015-09
jiuxian.com,12,2015-10
jiuxian.com,12,2015-11
jiuxian.com,12,2015-12
jiuxian.com,12,2016-01
jiuxian.com,12,2016-02
jiuxian.com,14,2016-03
jiuxian.com,14,2016-04
jiuxian.com,14,2016-05
jiuxian.com,14,2016-06
jiuxian.com,14,2016-07
jiuxian.com,8,2016-08
paypal.com,45,2015-01
paypal.com,45,2015-02
paypal.com,46,2015-03
paypal.com,48,2015-04
paypal.com,49,2015-05
paypal.com,50,2015-06
paypal.com,49,2015-07
paypal.com,49,2015-08
paypal.com,49,2015-09
paypal.com,49,2015-10
paypal.com,54,2015-11
paypal.com,55,2015-12
paypal.com,55,2016-01
paypal.com,54,2016-02
paypal.com,52,2016-03
paypal.com,49,2016-04
paypal.com,54,2016-05
paypal.com,59,2016-06
paypal.com,57,2016-07
paypal.com,32,2016-08
livenationentertainment.com,23,2015-01
livenationentertainment.com,23,2015-02
livenationentertainment.com,25,2015-03
livenationentertainment.com,22,2015-04
livenationentertainment.com,25,2015-05
livenationentertainment.com,25,2015-06
livenationentertainment.com,25,2015-07
livenationentertainment.com,25,2015-08
livenationentertainment.com,25,2015-09
livenationentertainment.com,25,2015-10
livenationentertainment.com,25,2015-11
livenationentertainment.com,25,2015-12
livenationentertainment.com,25,2016-01
livenationentertainment.com,26,2016-02
livenationentertainment.com,26,2016-03
livenationentertainment.com,26,2016-04
livenationentertainment.com,26,2016-05
livenationentertainment.com,26,2016-06
livenationentertainment.com,26,2016-07
livenationentertainment.com,25,2016-08
pandora.com,32,2015-01
pandora.com,32,2015-02
pandora.com,32,2015-03
pandora.com,34,2015-04
pandora.com,34,2015-05
pandora.com,38,2015-06
pandora.com,42,2015-07
pandora.com,46,2015-08
pandora.com,48,2015-09
pandora.com,47,2015-10
pandora.com,46,2015-11
pandora.com,54,2015-12
pandora.com,57,2016-01
pandora.com,53,2016-02
pandora.com,53,2016-03
pandora.com,53,2016-04
pandora.com,54,2016-05
pandora.com,53,2016-06
pandora.com,53,2016-07
pandora.com,50,2016-08
iac.com,16,2015-01
iac.com,16,2015-02
iac.com,16,2015-03
iac.com,17,2015-04
iac.com,19,2015-05
iac.com,19,2015-06
iac.com,19,2015-07
iac.com,19,2015-08
iac.com,20,2015-09
iac.com,21,2015-10
iac.com,21,2015-11
iac.com,21,2015-12
iac.com,22,2016-01
iac.com,24,2016-02
iac.com,23,2016-03
iac.com,23,2016-04
iac.com,23,2016-05
iac.com,24,2016-06
iac.com,24,2016-07
iac.com,22,2016-08
intel.com,59,2015-01
intel.com,61,2015-02
intel.com,62,2015-03
intel.com,64,2015-04
intel.com,68,2015-05
intel.com,66,2015-06
intel.com,67,2015-07
intel.com,69,2015-08
intel.com,69,2015-09
intel.com,70,2015-10
intel.com,77,2015-11
intel.com,76,2015-12
intel.com,77,2016-01
intel.com,72,2016-02
intel.com,67,2016-03
intel.com,67,2016-04
intel.com,68,2016-05
intel.com,71,2016-06
intel.com,74,2016-07
intel.com,55,2016-08
yelp.com,61,2015-01
yelp.com,63,2015-02
yelp.com,60,2015-03
yelp.com,61,2015-04
yelp.com,59,2015-05
yelp.com,57,2015-06
yelp.com,58,2015-07
yelp.com,56,2015-08
yelp.com,56,2015-09
yelp.com,56,2015-10
yelp.com,56,2015-11
yelp.com,56,2015-12
yelp.com,55,2016-01
yelp.com,59,2016-02
yelp.com,60,2016-03
yelp.com,59,2016-04
yelp.com,66,2016-05
yelp.com,73,2016-06
yelp.com,77,2016-07
yelp.com,56,2016-08
snapdeal.com,66,2015-01
snapdeal.com,66,2015-02
snapdeal.com,65,2015-03
snapdeal.com,67,2015-04
snapdeal.com,67,2015-05
snapdeal.com,68,2015-06
snapdeal.com,63,2015-07
snapdeal.com,61,2015-08
snapdeal.com,53,2015-09
snapdeal.com,51,2015-10
snapdeal.com,49,2015-11
snapdeal.com,47,2015-12
snapdeal.com,45,2016-01
snapdeal.com,46,2016-02
snapdeal.com,44,2016-03
snapdeal.com,45,2016-04
snapdeal.com,45,2016-05
snapdeal.com,55,2016-06
snapdeal.com,55,2016-07
snapdeal.com,44,2016-08
vipshop.com;vip.com,17,2015-01
vipshop.com;vip.com,24,2015-02
vipshop.com;vip.com,24,2015-03
vipshop.com;vip.com,28,2015-04
vipshop.com;vip.com,28,2015-05
vipshop.com;vip.com,26,2015-06
vipshop.com;vip.com,25,2015-07
vipshop.com;vip.com,25,2015-08
vipshop.com;vip.com,25,2015-09
vipshop.com;vip.com,25,2015-10
vipshop.com;vip.com,25,2015-11
vipshop.com;vip.com,25,2015-12
vipshop.com;vip.com,26,2016-01
vipshop.com;vip.com,21,2016-02
vipshop.com;vip.com,22,2016-03
vipshop.com;vip.com,20,2016-04
vipshop.com;vip.com,20,2016-05
vipshop.com;vip.com,20,2016-06
vipshop.com;vip.com,20,2016-07
vipshop.com;vip.com,10,2016-08
priceline.com,56,2015-01
priceline.com,57,2015-02
priceline.com,61,2015-03
priceline.com,64,2015-04
priceline.com,66,2015-05
priceline.com,67,2015-06
priceline.com,71,2015-07
priceline.com,71,2015-08
priceline.com,70,2015-09
priceline.com,75,2015-10
priceline.com,75,2015-11
priceline.com,70,2015-12
priceline.com,75,2016-01
priceline.com,73,2016-02
priceline.com,72,2016-03
priceline.com,81,2016-04
priceline.com,84,2016-05
priceline.com,83,2016-06
priceline.com,83,2016-07
priceline.com,43,2016-08
stripe.com,34,2015-01
stripe.com,34,2015-02
stripe.com,33,2015-03
stripe.com,31,2015-04
stripe.com,33,2015-05
stripe.com,32,2015-06
stripe.com,32,2015-07
stripe.com,31,2015-08
stripe.com,31,2015-09
stripe.com,30,2015-10
stripe.com,32,2015-11
stripe.com,31,2015-12
stripe.com,32,2016-01
stripe.com,32,2016-02
stripe.com,31,2016-03
stripe.com,31,2016-04
stripe.com,31,2016-05
stripe.com,32,2016-06
stripe.com,32,2016-07
stripe.com,21,2016-08
letv.com;le.com,24,2015-01
letv.com;le.com,25,2015-02
letv.com;le.com,26,2015-03
letv.com;le.com,25,2015-04
letv.com;le.com,25,2015-05
letv.com;le.com,25,2015-06
letv.com;le.com,22,2015-07
letv.com;le.com,22,2015-08
letv.com;le.com,16,2015-09
letv.com;le.com,16,2015-10
letv.com;le.com,17,2015-11
letv.com;le.com,17,2015-12
letv.com;le.com,17,2016-01
letv.com;le.com,16,2016-02
letv.com;le.com,17,2016-03
letv.com;le.com,17,2016-04
letv.com;le.com,17,2016-05
letv.com;le.com,18,2016-06
letv.com;le.com,20,2016-07
letv.com;le.com,17,2016-08
markit.com,19,2015-01
markit.com,20,2015-02
markit.com,21,2015-03
markit.com,22,2015-04
markit.com,24,2015-05
markit.com,26,2015-06
markit.com,26,2015-07
markit.com,27,2015-08
markit.com,29,2015-09
markit.com,29,2015-10
markit.com,30,2015-11
markit.com,30,2015-12
markit.com,30,2016-01
markit.com,30,2016-02
markit.com,39,2016-03
markit.com,38,2016-04
markit.com,38,2016-05
markit.com,41,2016-06
markit.com,39,2016-07
markit.com,34,2016-08
blablacar.com,34,2015-01
blablacar.com,34,2015-02
blablacar.com,39,2015-03
blablacar.com,24,2015-04
blablacar.com,25,2015-05
blablacar.com,26,2015-06
blablacar.com,26,2015-07
blablacar.com,26,2015-08
blablacar.com,26,2015-09
blablacar.com,26,2015-10
blablacar.com,26,2015-11
blablacar.com,26,2015-12
blablacar.com,26,2016-01
blablacar.com,29,2016-02
blablacar.com,29,2016-03
blablacar.com,30,2016-04
blablacar.com,30,2016-05
blablacar.com,29,2016-06
blablacar.com,30,2016-07
blablacar.com,30,2016-08
sina.com,21,2015-01
sina.com,19,2015-02
sina.com,20,2015-03
sina.com,19,2015-04
sina.com,19,2015-05
sina.com,20,2015-06
sina.com,20,2015-07
sina.com,20,2015-08
sina.com,20,2015-09
sina.com,19,2015-10
sina.com,19,2015-11
sina.com,20,2015-12
sina.com,19,2016-01
sina.com,21,2016-02
sina.com,17,2016-03
sina.com,17,2016-04
sina.com,17,2016-05
sina.com,20,2016-06
sina.com,17,2016-07
sina.com,11,2016-08
lieferheld.de,70,2015-01
lieferheld.de,72,2015-02
lieferheld.de,75,2015-03
lieferheld.de,66,2015-04
lieferheld.de,63,2015-05
lieferheld.de,64,2015-06
lieferheld.de,63,2015-07
lieferheld.de,62,2015-08
lieferheld.de,60,2015-09
lieferheld.de,51,2015-10
lieferheld.de,51,2015-11
lieferheld.de,52,2015-12
lieferheld.de,48,2016-01
lieferheld.de,46,2016-02
lieferheld.de,47,2016-03
lieferheld.de,48,2016-04
lieferheld.de,47,2016-05
lieferheld.de,41,2016-06
lieferheld.de,40,2016-07
lieferheld.de,26,2016-08
vancl.com,13,2015-01
vancl.com,13,2015-02
vancl.com,13,2015-03
vancl.com,12,2015-04
vancl.com,10,2015-05
vancl.com,10,2015-06
vancl.com,10,2015-07
vancl.com,10,2015-08
vancl.com,10,2015-09
vancl.com,10,2015-10
vancl.com,10,2015-11
vancl.com,11,2015-12
vancl.com,11,2016-01
vancl.com,11,2016-02
vancl.com,11,2016-03
vancl.com,11,2016-04
vancl.com,11,2016-05
vancl.com,11,2016-06
vancl.com,11,2016-07
vancl.com,10,2016-08
uber.com,63,2015-01
uber.com,62,2015-02
uber.com,65,2015-03
uber.com,64,2015-04
uber.com,70,2015-05
uber.com,59,2015-06
uber.com,53,2015-07
uber.com,51,2015-08
uber.com,46,2015-09
uber.com,41,2015-10
uber.com,41,2015-11
uber.com,40,2015-12
uber.com,40,2016-01
uber.com,46,2016-02
uber.com,40,2016-03
uber.com,41,2016-04
uber.com,41,2016-05
uber.com,45,2016-06
uber.com,46,2016-07
uber.com,33,2016-08
thumbtack.com,42,2015-01
thumbtack.com,45,2015-02
thumbtack.com,52,2015-03
thumbtack.com,55,2015-04
thumbtack.com,55,2015-05
thumbtack.com,57,2015-06
thumbtack.com,56,2015-07
thumbtack.com,55,2015-08
thumbtack.com,54,2015-09
thumbtack.com,58,2015-10
thumbtack.com,59,2015-11
thumbtack.com,57,2015-12
thumbtack.com,58,2016-01
thumbtack.com,59,2016-02
thumbtack.com,61,2016-03
thumbtack.com,60,2016-04
thumbtack.com,60,2016-05
thumbtack.com,55,2016-06
thumbtack.com,57,2016-07
thumbtack.com,46,2016-08
asos.com,77,2015-01
asos.com,77,2015-02
asos.com,83,2015-03
asos.com,83,2015-04
asos.com,82,2015-05
asos.com,98,2015-06
asos.com,80,2015-07
asos.com,74,2015-08
asos.com,74,2015-09
asos.com,65,2015-10
asos.com,66,2015-11
asos.com,66,2015-12
asos.com,65,2016-01
asos.com,67,2016-02
asos.com,67,2016-03
asos.com,67,2016-04
asos.com,68,2016-05
asos.com,64,2016-06
asos.com,66,2016-07
asos.com,51,2016-08
just-eat.co.uk,66,2015-01
just-eat.co.uk,66,2015-02
just-eat.co.uk,68,2015-03
just-eat.co.uk,79,2015-04
just-eat.co.uk,74,2015-05
just-eat.co.uk,72,2015-06
just-eat.co.uk,71,2015-07
just-eat.co.uk,77,2015-08
just-eat.co.uk,77,2015-09
just-eat.co.uk,73,2015-10
just-eat.co.uk,74,2015-11
just-eat.co.uk,74,2015-12
just-eat.co.uk,74,2016-01
just-eat.co.uk,87,2016-02
just-eat.co.uk,84,2016-03
just-eat.co.uk,91,2016-04
just-eat.co.uk,87,2016-05
just-eat.co.uk,86,2016-06
just-eat.co.uk,88,2016-07
just-eat.co.uk,48,2016-08
blizzard.com,24,2015-01
blizzard.com,24,2015-02
blizzard.com,24,2015-03
blizzard.com,24,2015-04
blizzard.com,23,2015-05
blizzard.com,23,2015-06
blizzard.com,23,2015-07
blizzard.com,23,2015-08
blizzard.com,24,2015-09
blizzard.com,22,2015-10
blizzard.com,22,2015-11
blizzard.com,22,2015-12
blizzard.com,22,2016-01
blizzard.com,22,2016-02
blizzard.com,22,2016-03
blizzard.com,22,2016-04
blizzard.com,22,2016-05
blizzard.com,23,2016-06
blizzard.com,23,2016-07
blizzard.com,21,2016-08
naspers.com,29,2015-01
naspers.com,29,2015-02
naspers.com,30,2015-03
naspers.com,30,2015-04
naspers.com,30,2015-05
naspers.com,35,2015-06
naspers.com,26,2015-07
naspers.com,27,2015-08
naspers.com,27,2015-09
naspers.com,27,2015-10
naspers.com,27,2015-11
naspers.com,29,2015-12
naspers.com,29,2016-01
naspers.com,29,2016-02
naspers.com,27,2016-03
naspers.com,27,2016-04
naspers.com,42,2016-05
naspers.com,32,2016-06
naspers.com,32,2016-07
naspers.com,31,2016-08
blueapron.com,64,2015-01
blueapron.com,65,2015-02
blueapron.com,66,2015-03
blueapron.com,69,2015-04
blueapron.com,68,2015-05
blueapron.com,69,2015-06
blueapron.com,69,2015-07
blueapron.com,69,2015-08
blueapron.com,70,2015-09
blueapron.com,72,2015-10
blueapron.com,72,2015-11
blueapron.com,71,2015-12
blueapron.com,71,2016-01
blueapron.com,71,2016-02
blueapron.com,70,2016-03
blueapron.com,71,2016-04
blueapron.com,74,2016-05
blueapron.com,71,2016-06
blueapron.com,72,2016-07
blueapron.com,57,2016-08
qunar.com,15,2015-01
qunar.com,15,2015-02
qunar.com,16,2015-03
qunar.com,18,2015-04
qunar.com,16,2015-05
qunar.com,16,2015-06
qunar.com,16,2015-07
qunar.com,15,2015-08
qunar.com,15,2015-09
qunar.com,16,2015-10
qunar.com,16,2015-11
qunar.com,17,2015-12
qunar.com,17,2016-01
qunar.com,17,2016-02
qunar.com,17,2016-03
qunar.com,17,2016-04
qunar.com,17,2016-05
qunar.com,15,2016-06
qunar.com,15,2016-07
qunar.com,5,2016-08
travelport.com,21,2015-01
travelport.com,19,2015-02
travelport.com,31,2015-03
travelport.com,30,2015-04
travelport.com,30,2015-05
travelport.com,30,2015-06
travelport.com,34,2015-07
travelport.com,29,2015-08
travelport.com,38,2015-09
travelport.com,36,2015-10
travelport.com,43,2015-11
travelport.com,43,2015-12
travelport.com,47,2016-01
travelport.com,46,2016-02
travelport.com,47,2016-03
travelport.com,49,2016-04
travelport.com,50,2016-05
travelport.com,55,2016-06
travelport.com,58,2016-07
travelport.com,40,2016-08
flipkart.com,52,2015-01
flipkart.com,52,2015-02
flipkart.com,49,2015-03
flipkart.com,50,2015-04
flipkart.com,51,2015-05
flipkart.com,50,2015-06
flipkart.com,42,2015-07
flipkart.com,43,2015-08
flipkart.com,44,2015-09
flipkart.com,42,2015-10
flipkart.com,42,2015-11
flipkart.com,42,2015-12
flipkart.com,43,2016-01
flipkart.com,43,2016-02
flipkart.com,44,2016-03
flipkart.com,47,2016-04
flipkart.com,47,2016-05
flipkart.com,55,2016-06
flipkart.com,55,2016-07
flipkart.com,49,2016-08
udacity.com,68,2015-01
udacity.com,69,2015-02
udacity.com,70,2015-03
udacity.com,72,2015-04
udacity.com,64,2015-05
udacity.com,59,2015-06
udacity.com,62,2015-07
udacity.com,59,2015-08
udacity.com,59,2015-09
udacity.com,59,2015-10
udacity.com,59,2015-11
udacity.com,67,2015-12
udacity.com,67,2016-01
udacity.com,52,2016-02
udacity.com,49,2016-03
udacity.com,48,2016-04
udacity.com,49,2016-05
udacity.com,49,2016-06
udacity.com,45,2016-07
udacity.com,36,2016-08
spotify.com,76,2015-01
spotify.com,73,2015-02
spotify.com,67,2015-03
spotify.com,67,2015-04
spotify.com,66,2015-05
spotify.com,66,2015-06
spotify.com,66,2015-07
spotify.com,66,2015-08
spotify.com,64,2015-09
spotify.com,63,2015-10
spotify.com,65,2015-11
spotify.com,58,2015-12
spotify.com,58,2016-01
spotify.com,56,2016-02
spotify.com,56,2016-03
spotify.com,56,2016-04
spotify.com,59,2016-05
spotify.com,60,2016-06
spotify.com,60,2016-07
spotify.com,51,2016-08
focuschina.com,13,2015-01
focuschina.com,7,2015-02
focuschina.com,7,2015-03
focuschina.com,7,2015-04
focuschina.com,7,2015-05
focuschina.com,7,2015-06
focuschina.com,7,2015-07
focuschina.com,7,2015-08
focuschina.com,7,2015-09
focuschina.com,7,2015-10
focuschina.com,7,2015-11
focuschina.com,8,2015-12
focuschina.com,8,2016-01
focuschina.com,8,2016-02
focuschina.com,8,2016-03
focuschina.com,8,2016-04
focuschina.com,9,2016-05
focuschina.com,11,2016-06
focuschina.com,10,2016-07
focuschina.com,4,2016-08
rightmove.co.uk,39,2015-01
rightmove.co.uk,39,2015-02
rightmove.co.uk,40,2015-03
rightmove.co.uk,41,2015-04
rightmove.co.uk,41,2015-05
rightmove.co.uk,41,2015-06
rightmove.co.uk,41,2015-07
rightmove.co.uk,44,2015-08
rightmove.co.uk,43,2015-09
rightmove.co.uk,44,2015-10
rightmove.co.uk,44,2015-11
rightmove.co.uk,44,2015-12
rightmove.co.uk,44,2016-01
rightmove.co.uk,44,2016-02
rightmove.co.uk,44,2016-03
rightmove.co.uk,44,2016-04
rightmove.co.uk,44,2016-05
rightmove.co.uk,48,2016-06
rightmove.co.uk,47,2016-07
rightmove.co.uk,39,2016-08
naver.com,18,2015-01
naver.com,19,2015-02
naver.com,19,2015-03
naver.com,17,2015-04
naver.com,18,2015-05
naver.com,18,2015-06
naver.com,18,2015-07
naver.com,18,2015-08
naver.com,18,2015-09
naver.com,15,2015-10
naver.com,15,2015-11
naver.com,15,2015-12
naver.com,11,2016-01
naver.com,10,2016-02
naver.com,10,2016-03
naver.com,10,2016-04
naver.com,11,2016-05
naver.com,9,2016-06
naver.com,9,2016-07
naver.com,5,2016-08
schibsted.com,18,2015-01
schibsted.com,18,2015-02
schibsted.com,26,2015-03
schibsted.com,27,2015-04
schibsted.com,27,2015-05
schibsted.com,29,2015-06
schibsted.com,36,2015-07
schibsted.com,33,2015-08
schibsted.com,34,2015-09
schibsted.com,26,2015-10
schibsted.com,26,2015-11
schibsted.com,26,2015-12
schibsted.com,26,2016-01
schibsted.com,26,2016-02
schibsted.com,26,2016-03
schibsted.com,27,2016-04
schibsted.com,27,2016-05
schibsted.com,30,2016-06
schibsted.com,29,2016-07
schibsted.com,19,2016-08
grab.com,24,2015-01
grab.com,24,2015-02
grab.com,24,2015-03
grab.com,25,2015-04
grab.com,28,2015-05
grab.com,28,2015-06
grab.com,28,2015-07
grab.com,38,2015-08
grab.com,25,2015-09
grab.com,24,2015-10
grab.com,24,2015-11
grab.com,25,2015-12
grab.com,25,2016-01
grab.com,25,2016-02
grab.com,51,2016-03
grab.com,52,2016-04
grab.com,58,2016-05
grab.com,58,2016-06
grab.com,62,2016-07
grab.com,60,2016-08
home24.de,57,2015-01
home24.de,54,2015-02
home24.de,58,2015-03
home24.de,55,2015-04
home24.de,57,2015-05
home24.de,56,2015-06
home24.de,56,2015-07
home24.de,56,2015-08
home24.de,56,2015-09
home24.de,40,2015-10
home24.de,38,2015-11
home24.de,38,2015-12
home24.de,38,2016-01
home24.de,37,2016-02
home24.de,38,2016-03
home24.de,40,2016-04
home24.de,41,2016-05
home24.de,43,2016-06
home24.de,37,2016-07
home24.de,32,2016-08
netflix.com,49,2015-01
netflix.com,50,2015-02
netflix.com,51,2015-03
netflix.com,50,2015-04
netflix.com,50,2015-05
netflix.com,51,2015-06
netflix.com,51,2015-07
netflix.com,52,2015-08
netflix.com,53,2015-09
netflix.com,52,2015-10
netflix.com,56,2015-11
netflix.com,51,2015-12
netflix.com,48,2016-01
netflix.com,45,2016-02
netflix.com,46,2016-03
netflix.com,46,2016-04
netflix.com,48,2016-05
netflix.com,46,2016-06
netflix.com,46,2016-07
netflix.com,31,2016-08
rocket-internet.com,27,2015-01
rocket-internet.com,27,2015-02
rocket-internet.com,28,2015-03
rocket-internet.com,29,2015-04
rocket-internet.com,29,2015-05
rocket-internet.com,31,2015-06
rocket-internet.com,31,2015-07
rocket-internet.com,31,2015-08
rocket-internet.com,31,2015-09
rocket-internet.com,31,2015-10
rocket-internet.com,32,2015-11
rocket-internet.com,30,2015-12
rocket-internet.com,29,2016-01
rocket-internet.com,29,2016-02
rocket-internet.com,28,2016-03
rocket-internet.com,27,2016-04
rocket-internet.com,26,2016-05
rocket-internet.com,26,2016-06
rocket-internet.com,26,2016-07
rocket-internet.com,24,2016-08
souq.com,72,2015-01
souq.com,57,2015-02
souq.com,59,2015-03
souq.com,58,2015-04
souq.com,58,2015-05
souq.com,60,2015-06
souq.com,59,2015-07
souq.com,58,2015-08
souq.com,64,2015-09
souq.com,60,2015-10
souq.com,59,2015-11
souq.com,54,2015-12
souq.com,54,2016-01
souq.com,53,2016-02
souq.com,54,2016-03
souq.com,48,2016-04
souq.com,38,2016-05
souq.com,37,2016-06
souq.com,36,2016-07
souq.com,25,2016-08
criteo.com,40,2015-01
criteo.com,47,2015-02
criteo.com,47,2015-03
criteo.com,49,2015-04
criteo.com,49,2015-05
criteo.com,49,2015-06
criteo.com,47,2015-07
criteo.com,46,2015-08
criteo.com,48,2015-09
criteo.com,48,2015-10
criteo.com,49,2015-11
criteo.com,54,2015-12
criteo.com,54,2016-01
criteo.com,56,2016-02
criteo.com,54,2016-03
criteo.com,53,2016-04
criteo.com,54,2016-05
criteo.com,54,2016-06
criteo.com,53,2016-07
criteo.com,46,2016-08
slack.com,33,2015-01
slack.com,38,2015-02
slack.com,42,2015-03
slack.com,42,2015-04
slack.com,41,2015-05
slack.com,44,2015-06
slack.com,45,2015-07
slack.com,45,2015-08
slack.com,45,2015-09
slack.com,46,2015-10
slack.com,46,2015-11
slack.com,46,2015-12
slack.com,51,2016-01
slack.com,51,2016-02
slack.com,50,2016-03
slack.com,50,2016-04
slack.com,55,2016-05
slack.com,52,2016-06
slack.com,51,2016-07
slack.com,38,2016-08
groupon.com,67,2015-01
groupon.com,67,2015-02
groupon.com,69,2015-03
groupon.com,68,2015-04
groupon.com,69,2015-05
groupon.com,71,2015-06
groupon.com,75,2015-07
groupon.com,84,2015-08
groupon.com,78,2015-09
groupon.com,77,2015-10
groupon.com,79,2015-11
groupon.com,81,2015-12
groupon.com,82,2016-01
groupon.com,77,2016-02
groupon.com,76,2016-03
groupon.com,76,2016-04
groupon.com,77,2016-05
groupon.com,79,2016-06
groupon.com,88,2016-07
groupon.com,89,2016-08
sap.com,63,2015-01
sap.com,65,2015-02
sap.com,65,2015-03
sap.com,68,2015-04
sap.com,71,2015-05
sap.com,72,2015-06
sap.com,70,2015-07
sap.com,71,2015-08
sap.com,70,2015-09
sap.com,70,2015-10
sap.com,74,2015-11
sap.com,73,2015-12
sap.com,68,2016-01
sap.com,62,2016-02
sap.com,63,2016-03
sap.com,63,2016-04
sap.com,63,2016-05
sap.com,69,2016-06
sap.com,69,2016-07
sap.com,53,2016-08
docusign.com,91,2015-01
docusign.com,91,2015-02
docusign.com,94,2015-03
docusign.com,97,2015-04
docusign.com,100,2015-05
docusign.com,100,2015-06
docusign.com,100,2015-07
docusign.com,100,2015-08
docusign.com,100,2015-09
docusign.com,86,2015-10
docusign.com,88,2015-11
docusign.com,93,2015-12
docusign.com,90,2016-01
docusign.com,85,2016-02
docusign.com,83,2016-03
docusign.com,83,2016-04
docusign.com,87,2016-05
docusign.com,82,2016-06
docusign.com,83,2016-07
docusign.com,73,2016-08
immomo.com,17,2015-01
immomo.com,17,2015-02
immomo.com,17,2015-03
immomo.com,16,2015-04
immomo.com,17,2015-05
immomo.com,17,2015-06
immomo.com,17,2015-07
immomo.com,17,2015-08
immomo.com,16,2015-09
immomo.com,15,2015-10
immomo.com,15,2015-11
immomo.com,15,2015-12
immomo.com,15,2016-01
immomo.com,15,2016-02
immomo.com,15,2016-03
immomo.com,15,2016-04
immomo.com,15,2016-05
immomo.com,15,2016-06
immomo.com,15,2016-07
immomo.com,12,2016-08
bitauto.com,14,2015-01
bitauto.com,15,2015-02
bitauto.com,15,2015-03
bitauto.com,15,2015-04
bitauto.com,15,2015-05
bitauto.com,15,2015-06
bitauto.com,15,2015-07
bitauto.com,15,2015-08
bitauto.com,15,2015-09
bitauto.com,15,2015-10
bitauto.com,15,2015-11
bitauto.com,16,2015-12
bitauto.com,16,2016-01
bitauto.com,16,2016-02
bitauto.com,16,2016-03
bitauto.com,17,2016-04
bitauto.com,19,2016-05
bitauto.com,15,2016-06
bitauto.com,15,2016-07
bitauto.com,10,2016-08
yandex.com,12,2015-01
yandex.com,11,2015-02
yandex.com,11,2015-03
yandex.com,10,2015-04
yandex.com,10,2015-05
yandex.com,10,2015-06
yandex.com,10,2015-07
yandex.com,11,2015-08
yandex.com,11,2015-09
yandex.com,11,2015-10
yandex.com,11,2015-11
yandex.com,12,2015-12
yandex.com,10,2016-01
yandex.com,10,2016-02
yandex.com,10,2016-03
yandex.com,10,2016-04
yandex.com,10,2016-05
yandex.com,10,2016-06
yandex.com,10,2016-07
yandex.com,9,2016-08
snapchat.com,19,2015-01
snapchat.com,19,2015-02
snapchat.com,19,2015-03
snapchat.com,19,2015-04
snapchat.com,22,2015-05
snapchat.com,23,2015-06
snapchat.com,20,2015-07
snapchat.com,20,2015-08
snapchat.com,21,2015-09
snapchat.com,21,2015-10
snapchat.com,21,2015-11
snapchat.com,20,2015-12
snapchat.com,21,2016-01
snapchat.com,22,2016-02
snapchat.com,24,2016-03
snapchat.com,23,2016-04
snapchat.com,24,2016-05
snapchat.com,28,2016-06
snapchat.com,27,2016-07
snapchat.com,19,2016-08
zoopla.co.uk,54,2015-01
zoopla.co.uk,53,2015-02
zoopla.co.uk,55,2015-03
zoopla.co.uk,55,2015-04
zoopla.co.uk,58,2015-05
zoopla.co.uk,58,2015-06
zoopla.co.uk,59,2015-07
zoopla.co.uk,58,2015-08
zoopla.co.uk,58,2015-09
zoopla.co.uk,60,2015-10
zoopla.co.uk,62,2015-11
zoopla.co.uk,64,2015-12
zoopla.co.uk,63,2016-01
zoopla.co.uk,65,2016-02
zoopla.co.uk,65,2016-03
zoopla.co.uk,74,2016-04
zoopla.co.uk,75,2016-05
zoopla.co.uk,66,2016-06
zoopla.co.uk,65,2016-07
zoopla.co.uk,53,2016-08
pinterest.com,51,2015-01
pinterest.com,51,2015-02
pinterest.com,54,2015-03
pinterest.com,55,2015-04
pinterest.com,54,2015-05
pinterest.com,54,2015-06
pinterest.com,51,2015-07
pinterest.com,51,2015-08
pinterest.com,50,2015-09
pinterest.com,50,2015-10
pinterest.com,51,2015-11
pinterest.com,50,2015-12
pinterest.com,47,2016-01
pinterest.com,47,2016-02
pinterest.com,37,2016-03
pinterest.com,36,2016-04
pinterest.com,37,2016-05
pinterest.com,37,2016-06
pinterest.com,33,2016-07
pinterest.com,31,2016-08
expedia.com,115,2015-01
expedia.com,113,2015-02
expedia.com,116,2015-03
expedia.com,119,2015-04
expedia.com,113,2015-05
expedia.com,110,2015-06
expedia.com,100,2015-07
expedia.com,98,2015-08
expedia.com,102,2015-09
expedia.com,87,2015-10
expedia.com,88,2015-11
expedia.com,86,2015-12
expedia.com,86,2016-01
expedia.com,85,2016-02
expedia.com,80,2016-03
expedia.com,82,2016-04
expedia.com,87,2016-05
expedia.com,95,2016-06
expedia.com,95,2016-07
expedia.com,43,2016-08
beibei.com,14,2015-01
beibei.com,13,2015-02
beibei.com,13,2015-03
beibei.com,17,2015-04
beibei.com,17,2015-05
beibei.com,18,2015-06
beibei.com,17,2015-07
beibei.com,17,2015-08
beibei.com,17,2015-09
beibei.com,17,2015-10
beibei.com,16,2015-11
beibei.com,16,2015-12
beibei.com,17,2016-01
beibei.com,17,2016-02
beibei.com,17,2016-03
beibei.com,17,2016-04
beibei.com,17,2016-05
beibei.com,17,2016-06
beibei.com,18,2016-07
beibei.com,16,2016-08
zillow.com,83,2015-01
zillow.com,80,2015-02
zillow.com,80,2015-03
zillow.com,78,2015-04
zillow.com,76,2015-05
zillow.com,77,2015-06
zillow.com,77,2015-07
zillow.com,78,2015-08
zillow.com,81,2015-09
zillow.com,79,2015-10
zillow.com,80,2015-11
zillow.com,81,2015-12
zillow.com,80,2016-01
zillow.com,77,2016-02
zillow.com,77,2016-03
zillow.com,75,2016-04
zillow.com,76,2016-05
zillow.com,76,2016-06
zillow.com,76,2016-07
zillow.com,69,2016-08
gree.net,44,2015-01
gree.net,44,2015-02
gree.net,45,2015-03
gree.net,44,2015-04
gree.net,44,2015-05
gree.net,44,2015-06
gree.net,44,2015-07
gree.net,43,2015-08
gree.net,44,2015-09
gree.net,43,2015-10
gree.net,43,2015-11
gree.net,43,2015-12
gree.net,43,2016-01
gree.net,43,2016-02
gree.net,42,2016-03
gree.net,47,2016-04
gree.net,40,2016-05
gree.net,41,2016-06
gree.net,41,2016-07
gree.net,26,2016-08
dropbox.com,38,2015-01
dropbox.com,41,2015-02
dropbox.com,43,2015-03
dropbox.com,41,2015-04
dropbox.com,44,2015-05
dropbox.com,44,2015-06
dropbox.com,44,2015-07
dropbox.com,44,2015-08
dropbox.com,44,2015-09
dropbox.com,43,2015-10
dropbox.com,43,2015-11
dropbox.com,43,2015-12
dropbox.com,41,2016-01
dropbox.com,49,2016-02
dropbox.com,49,2016-03
dropbox.com,50,2016-04
dropbox.com,50,2016-05
dropbox.com,50,2016-06
dropbox.com,50,2016-07
dropbox.com,34,2016-08
ctrip.com,23,2015-01
ctrip.com,23,2015-02
ctrip.com,27,2015-03
ctrip.com,26,2015-04
ctrip.com,26,2015-05
ctrip.com,26,2015-06
ctrip.com,26,2015-07
ctrip.com,26,2015-08
ctrip.com,27,2015-09
ctrip.com,28,2015-10
ctrip.com,31,2015-11
ctrip.com,33,2015-12
ctrip.com,33,2016-01
ctrip.com,33,2016-02
ctrip.com,33,2016-03
ctrip.com,34,2016-04
ctrip.com,34,2016-05
ctrip.com,35,2016-06
ctrip.com,34,2016-07
ctrip.com,26,2016-08
apple.com,33,2015-01
apple.com,32,2015-02
apple.com,31,2015-03
apple.com,31,2015-04
apple.com,31,2015-05
apple.com,30,2015-06
apple.com,29,2015-07
apple.com,29,2015-08
apple.com,29,2015-09
apple.com,30,2015-10
apple.com,30,2015-11
apple.com,30,2015-12
apple.com,30,2016-01
apple.com,31,2016-02
apple.com,31,2016-03
apple.com,31,2016-04
apple.com,30,2016-05
apple.com,34,2016-06
apple.com,38,2016-07
apple.com,29,2016-08
airbnb.com,61,2015-01
airbnb.com,60,2015-02
airbnb.com,61,2015-03
airbnb.com,61,2015-04
airbnb.com,61,2015-05
airbnb.com,61,2015-06
airbnb.com,60,2015-07
airbnb.com,60,2015-08
airbnb.com,60,2015-09
airbnb.com,61,2015-10
airbnb.com,61,2015-11
airbnb.com,61,2015-12
airbnb.com,61,2016-01
airbnb.com,66,2016-02
airbnb.com,68,2016-03
airbnb.com,69,2016-04
airbnb.com,71,2016-05
airbnb.com,79,2016-06
airbnb.com,82,2016-07
airbnb.com,72,2016-08
softbank.jp,21,2015-01
softbank.jp,21,2015-02
softbank.jp,21,2015-03
softbank.jp,30,2015-04
softbank.jp,29,2015-05
softbank.jp,29,2015-06
softbank.jp,29,2015-07
softbank.jp,28,2015-08
softbank.jp,29,2015-09
softbank.jp,29,2015-10
softbank.jp,42,2015-11
softbank.jp,41,2015-12
softbank.jp,42,2016-01
softbank.jp,42,2016-02
softbank.jp,42,2016-03
softbank.jp,42,2016-04
softbank.jp,44,2016-05
softbank.jp,44,2016-06
softbank.jp,48,2016-07
softbank.jp,17,2016-08
wish.com,45,2015-01
wish.com,45,2015-02
wish.com,45,2015-03
wish.com,44,2015-04
wish.com,47,2015-05
wish.com,47,2015-06
wish.com,49,2015-07
wish.com,49,2015-08
wish.com,51,2015-09
wish.com,51,2015-10
wish.com,52,2015-11
wish.com,52,2015-12
wish.com,52,2016-01
wish.com,51,2016-02
wish.com,52,2016-03
wish.com,53,2016-04
wish.com,53,2016-05
wish.com,53,2016-06
wish.com,53,2016-07
wish.com,44,2016-08
weibo.com,35,2015-01
weibo.com,35,2015-02
weibo.com,34,2015-03
weibo.com,33,2015-04
weibo.com,30,2015-05
weibo.com,28,2015-06
weibo.com,21,2015-07
weibo.com,20,2015-08
weibo.com,19,2015-09
weibo.com,19,2015-10
weibo.com,19,2015-11
weibo.com,19,2015-12
weibo.com,19,2016-01
weibo.com,19,2016-02
weibo.com,19,2016-03
weibo.com,21,2016-04
weibo.com,20,2016-05
weibo.com,22,2016-06
weibo.com,24,2016-07
weibo.com,6,2016-08
tripadvisor.com,55,2015-01
tripadvisor.com,57,2015-02
tripadvisor.com,59,2015-03
tripadvisor.com,60,2015-04
tripadvisor.com,68,2015-05
tripadvisor.com,68,2015-06
tripadvisor.com,65,2015-07
tripadvisor.com,62,2015-08
tripadvisor.com,60,2015-09
tripadvisor.com,64,2015-10
tripadvisor.com,64,2015-11
tripadvisor.com,64,2015-12
tripadvisor.com,64,2016-01
tripadvisor.com,60,2016-02
tripadvisor.com,61,2016-03
tripadvisor.com,61,2016-04
tripadvisor.com,62,2016-05
tripadvisor.com,68,2016-06
tripadvisor.com,65,2016-07
tripadvisor.com,48,2016-08
lyft.com,71,2015-01
lyft.com,71,2015-02
lyft.com,70,2015-03
lyft.com,71,2015-04
lyft.com,71,2015-05
lyft.com,70,2015-06
lyft.com,73,2015-07
lyft.com,73,2015-08
lyft.com,68,2015-09
lyft.com,68,2015-10
lyft.com,71,2015-11
lyft.com,72,2015-12
lyft.com,72,2016-01
lyft.com,72,2016-02
lyft.com,72,2016-03
lyft.com,73,2016-04
lyft.com,70,2016-05
lyft.com,64,2016-06
lyft.com,63,2016-07
lyft.com,38,2016-08
amazon.com,56,2015-01
amazon.com,57,2015-02
amazon.com,61,2015-03
amazon.com,59,2015-04
amazon.com,59,2015-05
amazon.com,61,2015-06
amazon.com,63,2015-07
amazon.com,60,2015-08
amazon.com,57,2015-09
amazon.com,58,2015-10
amazon.com,59,2015-11
amazon.com,58,2015-12
amazon.com,62,2016-01
amazon.com,60,2016-02
amazon.com,61,2016-03
amazon.com,60,2016-04
amazon.com,60,2016-05
amazon.com,51,2016-06
amazon.com,53,2016-07
amazon.com,41,2016-08
